-- Usuario
INSERT INTO usuarioTabla_p2 (dni,nombre,apellidos,edad,direccion,email,telefono) VALUES ('31168350Y','Naida','Ayala',81,'2817 Dictum. C.','et.netus@dolorDonecfringilla.edu','23980911');
INSERT INTO usuarioTabla_p2 (dni,nombre,apellidos,edad,direccion,email,telefono) VALUES ('92141555M','Bruno','Stewart',89,'Apartado núm.: 183, 7005 Praesent Ctra.','libero.Integer.in@Cumsociisnatoque.org','89316763');
INSERT INTO usuarioTabla_p2 (dni,nombre,apellidos,edad,direccion,email,telefono) VALUES ('38331046C','Otto','Frederick',97,'Apdo.:822-776 Sed, Avenida','senectus@velit.co.uk','17481518');
INSERT INTO usuarioTabla_p2 (dni,nombre,apellidos,edad,direccion,email,telefono) VALUES ('77927535U','Cara','Sanford',38,'828-2547 Lorem Calle','facilisis.non@sagittis.org','82656233');
INSERT INTO usuarioTabla_p2 (dni,nombre,apellidos,edad,direccion,email,telefono) VALUES ('75814109T','Caleb','Acosta',20,'Apdo.:579-3498 Dictum. Carretera','vulputate.ullamcorper.magna@tinciduntvehicula.co.uk','29678740');
INSERT INTO usuarioTabla_p2 (dni,nombre,apellidos,edad,direccion,email,telefono) VALUES ('88709936O','Megan','Fulton',21,'Apdo.:152-9606 Nec, C/','pede@ultriciesornare.co.uk','90782401');
INSERT INTO usuarioTabla_p2 (dni,nombre,apellidos,edad,direccion,email,telefono) VALUES ('43117428J','Hannah','Ford',65,'Apartado núm.: 937, 445 Semper C.','Phasellus.elit.pede@lectusCum.org','28939847');
INSERT INTO usuarioTabla_p2 (dni,nombre,apellidos,edad,direccion,email,telefono) VALUES ('35117554Q','Carl','Fowler',36,'321-5349 Vulputate C.','Proin@arcuimperdiet.net','41419586');
INSERT INTO usuarioTabla_p2 (dni,nombre,apellidos,edad,direccion,email,telefono) VALUES ('54136748M','Harding','Franks',71,'935-8589 A Avenida','mi.Aliquam.gravida@lacusUt.net','12146367');
INSERT INTO usuarioTabla_p2 (dni,nombre,apellidos,edad,direccion,email,telefono) VALUES ('83145806D','Shoshana','Joyce',90,'880-3394 In Carretera','Mauris.eu.turpis@augueacipsum.org','21548203');
INSERT INTO usuarioTabla_p2 (dni,nombre,apellidos,edad,direccion,email,telefono) VALUES ('35500342P','Hamilton','Mcgowan',99,'Apartado núm.: 647, 190 Velit ','ipsum.ac@Vivamus.org','42160395');
INSERT INTO usuarioTabla_p2 (dni,nombre,apellidos,edad,direccion,email,telefono) VALUES ('47171447R','Briar','Franks',83,'Apdo.:952-8344 Malesuada Carretera','et.rutrum@commodoatlibero.net','26983897');
INSERT INTO usuarioTabla_p2 (dni,nombre,apellidos,edad,direccion,email,telefono) VALUES ('39897410T','Xenos','Calderon',20,'603 In C.','gravida@egetipsumDonec.org','10614294');
INSERT INTO usuarioTabla_p2 (dni,nombre,apellidos,edad,direccion,email,telefono) VALUES ('82545668W','Julian','Clements',33,'455-4836 Ante. C.','Fusce.dolor@sedfacilisis.edu','72347342');
INSERT INTO usuarioTabla_p2 (dni,nombre,apellidos,edad,direccion,email,telefono) VALUES ('77863158P','Leilani','Barnett',75,'888-9110 Urna. Avda.','eleifend.nec@sociis.co.uk','30916976');
INSERT INTO usuarioTabla_p2 (dni,nombre,apellidos,edad,direccion,email,telefono) VALUES ('18093847G','Jenette','Sims',61,'Apdo.:436-8148 Euismod Calle','turpis@Donec.ca','92648598');
INSERT INTO usuarioTabla_p2 (dni,nombre,apellidos,edad,direccion,email,telefono) VALUES ('17791361N','Dieter','Knapp',62,'Apdo.:789-6964 Vestibulum Ctra.','Cras.convallis.convallis@pedemalesuadavel.edu','53376837');
INSERT INTO usuarioTabla_p2 (dni,nombre,apellidos,edad,direccion,email,telefono) VALUES ('68163525V','Garrison','Vaughn',59,'Apdo.:335-159 Metus Calle','sed@quamdignissimpharetra.org','82503747');
INSERT INTO usuarioTabla_p2 (dni,nombre,apellidos,edad,direccion,email,telefono) VALUES ('93953253G','Barry','Vincent',51,'Apdo.:762-8794 Sodales C/','Cras@velturpisAliquam.ca','16829915');
INSERT INTO usuarioTabla_p2 (dni,nombre,apellidos,edad,direccion,email,telefono) VALUES ('30135317S','Christine','Howell',85,'Apartado núm.: 537, 7494 Eros Avda.','at@auctorodio.com','29147595');
INSERT INTO usuarioTabla_p2 (dni,nombre,apellidos,edad,direccion,email,telefono) VALUES ('76450987Y','Stacey','Leblanc',90,'Apartado núm.: 549, 1019 Massa. Avda.','nec.mollis@nonquamPellentesque.co.uk','53205353');
INSERT INTO usuarioTabla_p2 (dni,nombre,apellidos,edad,direccion,email,telefono) VALUES ('11085222F','Lamar','Rhodes',36,'Apdo.:843-2217 Adipiscing, Ctra.','Phasellus@eratnonummy.net','77637474');
INSERT INTO usuarioTabla_p2 (dni,nombre,apellidos,edad,direccion,email,telefono) VALUES ('35673839Q','Lana','William',24,'Apdo.:842-5300 Auctor, Avenida','pede.Nunc@gravidasitamet.com','96596554');
INSERT INTO usuarioTabla_p2 (dni,nombre,apellidos,edad,direccion,email,telefono) VALUES ('21790751U','Petra','Webster',40,'Apdo.:566-715 Tincidunt Av.','felis.Donec.tempor@dapibusligulaAliquam.org','51775546');
INSERT INTO usuarioTabla_p2 (dni,nombre,apellidos,edad,direccion,email,telefono) VALUES ('87378151M','Naomi','Burks',94,'Apartado núm.: 849, 3933 A C.','Nam@magnaSuspendisse.com','70599279');
INSERT INTO usuarioTabla_p2 (dni,nombre,apellidos,edad,direccion,email,telefono) VALUES ('76523395B','Quincy','Hendricks',63,'883-8999 Iaculis Avenida','mollis.vitae@insodaleselit.com','94709042');
INSERT INTO usuarioTabla_p2 (dni,nombre,apellidos,edad,direccion,email,telefono) VALUES ('95188725O','Simone','Guerrero',85,'Apartado núm.: 883, 3352 Molestie Avda.','massa.rutrum@venenatis.co.uk','49155939');
INSERT INTO usuarioTabla_p2 (dni,nombre,apellidos,edad,direccion,email,telefono) VALUES ('26498008U','Constance','Doyle',43,'258-460 In C/','ut.pellentesque@tristiquesenectus.com','27455365');
INSERT INTO usuarioTabla_p2 (dni,nombre,apellidos,edad,direccion,email,telefono) VALUES ('26993236Q','Tanner','Carrillo',41,'6097 Magna Avenida','dui.lectus.rutrum@ametorci.org','44650355');
INSERT INTO usuarioTabla_p2 (dni,nombre,apellidos,edad,direccion,email,telefono) VALUES ('98404251Y','Chastity','Sharp',30,'Apdo.:414-8312 Dapibus Avda.','Aenean@mauris.com','36387926');
INSERT INTO usuarioTabla_p2 (dni,nombre,apellidos,edad,direccion,email,telefono) VALUES ('91785939B','Piper','Luna',54,'Apartado núm.: 141, 5522 Pellentesque Carretera','amet.nulla@Integer.edu','80953836');
INSERT INTO usuarioTabla_p2 (dni,nombre,apellidos,edad,direccion,email,telefono) VALUES ('69071614T','Nathaniel','Duran',38,'Apartado núm.: 566, 3377 Sociis Avenida','arcu@bibendum.org','87252450');
INSERT INTO usuarioTabla_p2 (dni,nombre,apellidos,edad,direccion,email,telefono) VALUES ('05385947Q','Montana','Bright',62,'7595 Tortor. C.','arcu.Vivamus.sit@pedeultricesa.org','58343383');
INSERT INTO usuarioTabla_p2 (dni,nombre,apellidos,edad,direccion,email,telefono) VALUES ('40751123U','Damian','Cantrell',57,'Apartado núm.: 307, 1791 Non Avenida','mus@laoreet.edu','94129717');
INSERT INTO usuarioTabla_p2 (dni,nombre,apellidos,edad,direccion,email,telefono) VALUES ('66219921M','Anjolie','Downs',44,'Apdo.:477-3224 Sed, C/','aliquam.eu.accumsan@amet.ca','29859260');
INSERT INTO usuarioTabla_p2 (dni,nombre,apellidos,edad,direccion,email,telefono) VALUES ('84601348H','Hadassah','Collins',20,'Apartado núm.: 693, 326 Pede Avenida','amet.ultricies.sem@augue.edu','47336559');
INSERT INTO usuarioTabla_p2 (dni,nombre,apellidos,edad,direccion,email,telefono) VALUES ('80650823K','Madaline','Medina',48,'8175 Risus. Carretera','enim.non@Sed.ca','35903450');
INSERT INTO usuarioTabla_p2 (dni,nombre,apellidos,edad,direccion,email,telefono) VALUES ('34496433N','Lavinia','Chapman',47,'8294 Lorem C/','nibh@elitelitfermentum.com','71688238');
INSERT INTO usuarioTabla_p2 (dni,nombre,apellidos,edad,direccion,email,telefono) VALUES ('60894540Y','Olivia','Daniels',46,'Apartado núm.: 875, 5346 Ipsum C.','Cras@doloregestas.edu','53392680');
INSERT INTO usuarioTabla_p2 (dni,nombre,apellidos,edad,direccion,email,telefono) VALUES ('16492490D','Harriet','Church',89,'Apartado núm.: 904, 736 Duis C.','est@sagittis.co.uk','52506152');
INSERT INTO usuarioTabla_p2 (dni,nombre,apellidos,edad,direccion,email,telefono) VALUES ('46149528F','Morgan','Oconnor',91,'594-2598 Justo C/','ipsum@id.ca','20838279');
INSERT INTO usuarioTabla_p2 (dni,nombre,apellidos,edad,direccion,email,telefono) VALUES ('24659272D','Velma','Rasmussen',96,'362-797 Montes, Av.','Sed.et.libero@etmagna.edu','64628848');
INSERT INTO usuarioTabla_p2 (dni,nombre,apellidos,edad,direccion,email,telefono) VALUES ('25377304E','Audrey','Love',73,'Apartado núm.: 444, 3933 Lectus Avenida','nec.mauris.blandit@nasceturridiculusmus.ca','14676774');
INSERT INTO usuarioTabla_p2 (dni,nombre,apellidos,edad,direccion,email,telefono) VALUES ('65291361T','Wade','Wilder',50,'Apartado núm.: 755, 7066 Dictum C/','nec.leo@iaculis.com','68318364');
INSERT INTO usuarioTabla_p2 (dni,nombre,apellidos,edad,direccion,email,telefono) VALUES ('32803411Q','Dahlia','Benson',80,'184-1331 Ac C.','elit@eu.com','17798794');
INSERT INTO usuarioTabla_p2 (dni,nombre,apellidos,edad,direccion,email,telefono) VALUES ('11914045X','Morgan','Ferrell',47,'9925 Dapibus C/','diam@justosit.ca','81465617');
INSERT INTO usuarioTabla_p2 (dni,nombre,apellidos,edad,direccion,email,telefono) VALUES ('49672036I','Dale','Carlson',49,'Apartado núm.: 445, 5753 Mi Carretera','convallis.in@egestasSed.com','31517681');
INSERT INTO usuarioTabla_p2 (dni,nombre,apellidos,edad,direccion,email,telefono) VALUES ('28555428B','Bree','Dejesus',38,'Apartado núm.: 571, 8624 Diam ','ultricies@sagittis.org','40611643');
INSERT INTO usuarioTabla_p2 (dni,nombre,apellidos,edad,direccion,email,telefono) VALUES ('51547731E','Benedict','Cohen',54,'Apdo.:927-1883 Elit. Calle','porta.elit.a@nec.ca','78691654');
INSERT INTO usuarioTabla_p2 (dni,nombre,apellidos,edad,direccion,email,telefono) VALUES ('45968289Q','Patrick','Donaldson',34,'665-5600 Luctus Ctra.','odio@egetipsum.co.uk','86205108');
INSERT INTO usuarioTabla_p2 (dni,nombre,apellidos,edad,direccion,email,telefono) VALUES ('18060706W','Aristotle','Pope',50,'Apartado núm.: 169, 8459 Non Avda.','tortor.at@afeugiat.edu','47919735');
INSERT INTO usuarioTabla_p2 (dni,nombre,apellidos,edad,direccion,email,telefono) VALUES ('93031250Z','Yvette','Perez',26,'Apdo.:422-5255 Nec Avenida','vitae@temporest.net','91966150');
INSERT INTO usuarioTabla_p2 (dni,nombre,apellidos,edad,direccion,email,telefono) VALUES ('18709711B','Claire','Ware',90,'Apdo.:899-7152 Sed Ctra.','Sed@neccursus.com','40401352');
INSERT INTO usuarioTabla_p2 (dni,nombre,apellidos,edad,direccion,email,telefono) VALUES ('51121598S','Mariko','Higgins',43,'967-3426 Cras C/','vitae.sodales.nisi@Suspendissetristique.co.uk','96348918');
INSERT INTO usuarioTabla_p2 (dni,nombre,apellidos,edad,direccion,email,telefono) VALUES ('26922526H','Jarrod','Hendrix',85,'Apdo.:827-8738 Magna. Calle','Pellentesque@idlibero.net','61181978');
INSERT INTO usuarioTabla_p2 (dni,nombre,apellidos,edad,direccion,email,telefono) VALUES ('33714027T','Herman','Alvarado',92,'Apdo.:612-5570 In Avenida','ut.nulla.Cras@litoratorquent.ca','35892017');
INSERT INTO usuarioTabla_p2 (dni,nombre,apellidos,edad,direccion,email,telefono) VALUES ('81206460R','Elmo','Bradshaw',86,'Apartado núm.: 471, 6862 Vulputate, Avda.','diam.eu.dolor@Nam.co.uk','98755881');
INSERT INTO usuarioTabla_p2 (dni,nombre,apellidos,edad,direccion,email,telefono) VALUES ('72576823K','Louis','Houston',59,'Apdo.:803-6635 Donec C/','accumsan.neque.et@semvitaealiquam.co.uk','80199550');
INSERT INTO usuarioTabla_p2 (dni,nombre,apellidos,edad,direccion,email,telefono) VALUES ('12144469Z','Lacota','Drake',68,'977-9667 Sed Avda.','dignissim.magna@elitpretium.org','58438109');
INSERT INTO usuarioTabla_p2 (dni,nombre,apellidos,edad,direccion,email,telefono) VALUES ('23437337B','Zeus','Bell',32,'8086 Sit Calle','porttitor@mattis.org','23894777');
INSERT INTO usuarioTabla_p2 (dni,nombre,apellidos,edad,direccion,email,telefono) VALUES ('03797706D','Alexis','Suarez',84,'6601 Mollis. Avda.','auctor.velit.eget@blanditNam.net','12371319');
INSERT INTO usuarioTabla_p2 (dni,nombre,apellidos,edad,direccion,email,telefono) VALUES ('49725874Z','Thane','Randolph',19,'918-4559 Sit Avda.','magna@liberoProinmi.ca','87844028');
INSERT INTO usuarioTabla_p2 (dni,nombre,apellidos,edad,direccion,email,telefono) VALUES ('98134017D','Stewart','Collins',76,'Apartado núm.: 520, 291 Lorem Av.','dolor.Quisque@nislarcuiaculis.org','10869113');
INSERT INTO usuarioTabla_p2 (dni,nombre,apellidos,edad,direccion,email,telefono) VALUES ('10981441V','Rana','Pittman',60,'4926 Dolor, Ctra.','in.dolor@Quisquevarius.co.uk','74881211');
INSERT INTO usuarioTabla_p2 (dni,nombre,apellidos,edad,direccion,email,telefono) VALUES ('47386336M','Elijah','Little',88,'746-1651 Ac Ctra.','gravida@adipiscingelitAliquam.ca','68760648');
INSERT INTO usuarioTabla_p2 (dni,nombre,apellidos,edad,direccion,email,telefono) VALUES ('63031612B','Aubrey','Villarreal',76,'Apdo.:155-4141 Cursus Av.','vehicula.et@primisin.co.uk','14199793');
INSERT INTO usuarioTabla_p2 (dni,nombre,apellidos,edad,direccion,email,telefono) VALUES ('75528204X','Hunter','Wise',46,'639-3275 Dui Carretera','nibh@nonmagna.ca','12309898');
INSERT INTO usuarioTabla_p2 (dni,nombre,apellidos,edad,direccion,email,telefono) VALUES ('97303900N','Martin','Herrera',83,'Apdo.:584-4475 Ridiculus Avda.','odio.Nam.interdum@leoCras.net','69641263');
INSERT INTO usuarioTabla_p2 (dni,nombre,apellidos,edad,direccion,email,telefono) VALUES ('93447059L','Erin','Hebert',68,'881-1247 Et Carretera','Aenean.eget@mifringilla.edu','46403076');
INSERT INTO usuarioTabla_p2 (dni,nombre,apellidos,edad,direccion,email,telefono) VALUES ('12100825A','Isaiah','Britt',24,'373-1392 Posuere, Av.','lorem@adlitoratorquent.edu','94145503');
INSERT INTO usuarioTabla_p2 (dni,nombre,apellidos,edad,direccion,email,telefono) VALUES ('39405336I','Stacey','Wiley',77,'Apartado núm.: 708, 4596 Montes, Ctra.','lorem.vitae.odio@odio.edu','88937008');
INSERT INTO usuarioTabla_p2 (dni,nombre,apellidos,edad,direccion,email,telefono) VALUES ('27833423Z','Sharon','Whitney',78,'Apartado núm.: 488, 6733 Donec C/','eget.volutpat@tellus.co.uk','26309864');
INSERT INTO usuarioTabla_p2 (dni,nombre,apellidos,edad,direccion,email,telefono) VALUES ('14303253H','Adrian','Barry',61,'414-3231 Varius Calle','nec.eleifend.non@Proinnon.ca','17985255');
INSERT INTO usuarioTabla_p2 (dni,nombre,apellidos,edad,direccion,email,telefono) VALUES ('76143929F','Virginia','Bailey',60,'Apartado núm.: 530, 2383 Cubilia Avda.','Nulla.eu@rutrumnon.org','77727615');
INSERT INTO usuarioTabla_p2 (dni,nombre,apellidos,edad,direccion,email,telefono) VALUES ('50891847J','Noah','Cooke',30,'868 Nibh. C/','enim.Curabitur.massa@scelerisque.net','92680671');
INSERT INTO usuarioTabla_p2 (dni,nombre,apellidos,edad,direccion,email,telefono) VALUES ('25409886I','Kyle','Whitehead',29,'1040 Sit ','neque@facilisis.edu','51932384');
INSERT INTO usuarioTabla_p2 (dni,nombre,apellidos,edad,direccion,email,telefono) VALUES ('63909981H','Carla','Stevens',53,'Apdo.:446-2015 Vestibulum. Avenida','diam@dictumultriciesligula.co.uk','93254675');
INSERT INTO usuarioTabla_p2 (dni,nombre,apellidos,edad,direccion,email,telefono) VALUES ('76471511J','Kylan','Hodge',85,'245-8199 At Carretera','amet@nislQuisquefringilla.ca','38863315');
INSERT INTO usuarioTabla_p2 (dni,nombre,apellidos,edad,direccion,email,telefono) VALUES ('32988101Y','Sade','William',35,'236-6144 Imperdiet Avda.','hendrerit.neque.In@maurisipsumporta.edu','80475381');
INSERT INTO usuarioTabla_p2 (dni,nombre,apellidos,edad,direccion,email,telefono) VALUES ('68673043Z','Jennifer','Newton',66,'8899 Lorem, Av.','iaculis@Aliquam.net','42229825');
INSERT INTO usuarioTabla_p2 (dni,nombre,apellidos,edad,direccion,email,telefono) VALUES ('49295372N','Dante','Watson',49,'423-1913 Eu Ctra.','Mauris@utdolordapibus.edu','79458273');
INSERT INTO usuarioTabla_p2 (dni,nombre,apellidos,edad,direccion,email,telefono) VALUES ('90979900B','Casey','Fisher',75,'Apdo.:585-8624 Est. ','nulla.at@amet.net','38182395');
INSERT INTO usuarioTabla_p2 (dni,nombre,apellidos,edad,direccion,email,telefono) VALUES ('79564421E','Barry','Higgins',30,'Apdo.:870-7766 Urna C.','risus@ametconsectetuer.ca','87945347');
INSERT INTO usuarioTabla_p2 (dni,nombre,apellidos,edad,direccion,email,telefono) VALUES ('31221494M','Reuben','Ellison',69,'273-842 Cras Avda.','dui.lectus@pedeCumsociis.net','17698360');
INSERT INTO usuarioTabla_p2 (dni,nombre,apellidos,edad,direccion,email,telefono) VALUES ('65614951X','Charlotte','Moody',30,'2123 Orci ','diam.vel@MaurismagnaDuis.edu','65534045');
INSERT INTO usuarioTabla_p2 (dni,nombre,apellidos,edad,direccion,email,telefono) VALUES ('20222669G','Indigo','Burris',66,'Apdo.:972-1845 Risus, Carretera','nec.urna@felisegetvarius.ca','85778201');
INSERT INTO usuarioTabla_p2 (dni,nombre,apellidos,edad,direccion,email,telefono) VALUES ('21577440Q','Inga','Mathews',77,'5530 Lacus. Calle','enim.condimentum@aliquamiaculis.net','18395395');
INSERT INTO usuarioTabla_p2 (dni,nombre,apellidos,edad,direccion,email,telefono) VALUES ('77891270X','Savannah','Jarvis',36,'Apartado núm.: 338, 9073 Eget Av.','egestas.hendrerit.neque@Pellentesque.net','63607447');
INSERT INTO usuarioTabla_p2 (dni,nombre,apellidos,edad,direccion,email,telefono) VALUES ('23872604V','Hedwig','Day',41,'286-5159 Mauris. Av.','sed.orci.lobortis@Suspendisseacmetus.edu','18496414');
INSERT INTO usuarioTabla_p2 (dni,nombre,apellidos,edad,direccion,email,telefono) VALUES ('75253819W','Ursa','Whitaker',91,'3138 Lobortis Carretera','pede.nec@etrutrumeu.ca','50330336');
INSERT INTO usuarioTabla_p2 (dni,nombre,apellidos,edad,direccion,email,telefono) VALUES ('70043533H','Jerry','Carney',36,'Apartado núm.: 839, 1782 Magna C/','et.nunc@sitametmassa.org','14473027');
INSERT INTO usuarioTabla_p2 (dni,nombre,apellidos,edad,direccion,email,telefono) VALUES ('23626725D','Kirestin','Lawrence',75,'715-9276 Eu Avenida','diam.Duis@sempereratin.edu','14501979');
INSERT INTO usuarioTabla_p2 (dni,nombre,apellidos,edad,direccion,email,telefono) VALUES ('61382122I','Winifred','Ortega',33,'1321 Quis C/','lectus@aceleifend.org','44969650');
INSERT INTO usuarioTabla_p2 (dni,nombre,apellidos,edad,direccion,email,telefono) VALUES ('25126298D','Burke','Bass',73,'Apartado núm.: 639, 5913 Quam ','pellentesque.massa.lobortis@Quisquepurussapien.edu','25424883');
INSERT INTO usuarioTabla_p2 (dni,nombre,apellidos,edad,direccion,email,telefono) VALUES ('22194908N','Jasmine','Delacruz',30,'Apartado núm.: 416, 6347 Tempus C.','diam@Morbi.edu','34966081');
INSERT INTO usuarioTabla_p2 (dni,nombre,apellidos,edad,direccion,email,telefono) VALUES ('87501370K','Briar','Sweet',18,'270-8870 Velit ','Suspendisse.aliquet.sem@orciluctuset.edu','31535747');
INSERT INTO usuarioTabla_p2 (dni,nombre,apellidos,edad,direccion,email,telefono) VALUES ('57670909V','Dennis','Avila',40,'Apdo.:430-3864 Quis Ctra.','Aliquam.ornare.libero@seddui.ca','61228584');
INSERT INTO usuarioTabla_p2 (dni,nombre,apellidos,edad,direccion,email,telefono) VALUES ('59266254I','Urielle','Reyes',24,'6709 Facilisi. C/','viverra.Maecenas@mollisneccursus.org','86456180');
INSERT INTO usuarioTabla_p2 (dni,nombre,apellidos,edad,direccion,email,telefono) VALUES ('71056385F','Ella','Chen',99,'Apartado núm.: 520, 6796 Eu Carretera','et@eu.net','46737107');
INSERT INTO usuarioTabla_p2 (dni,nombre,apellidos,edad,direccion,email,telefono) VALUES ('94059211M','Jenette','Monroe',90,'7352 Laoreet, Avda.','urna.suscipit.nonummy@facilisisfacilisismagna.ca','61406530');

-- Cuenta
INSERT INTO cuentaTabla_p2 (iban,numero,creacion,saldo) VALUES ('FP33730958577227579078926552917807','ZP918886081013488002618758',TO_DATE('2016-03-03', 'yyyy-mm-dd'),'11,58');
INSERT INTO cuentaTabla_p2 (iban,numero,creacion,saldo) VALUES ('JI40453364997466550044235348213144','TL198715503499491378322716',TO_DATE('2016-08-17', 'yyyy-mm-dd'),'1412,07');
INSERT INTO cuentaTabla_p2 (iban,numero,creacion,saldo) VALUES ('HL76676038213950241779936041435785','PG652702401877598541560408',TO_DATE('2015-03-07', 'yyyy-mm-dd'),'244,81');
INSERT INTO cuentaTabla_p2 (iban,numero,creacion,saldo) VALUES ('BD19607765245983312200917823690887','YE869232102933034067936432',TO_DATE('2015-07-25', 'yyyy-mm-dd'),'1833,01');
INSERT INTO cuentaTabla_p2 (iban,numero,creacion,saldo) VALUES ('HR80011754363760623558518621971359','HJ971697288847463286863263',TO_DATE('2016-06-01', 'yyyy-mm-dd'),'144,44');
INSERT INTO cuentaTabla_p2 (iban,numero,creacion,saldo) VALUES ('TC21975092033903028935377885821921','HR037014073555255719289233',TO_DATE('2015-04-06', 'yyyy-mm-dd'),'106,91');
INSERT INTO cuentaTabla_p2 (iban,numero,creacion,saldo) VALUES ('RJ82870931752843605801348664024434','SB526752601132090401954533',TO_DATE('2017-01-07', 'yyyy-mm-dd'),'48,804');
INSERT INTO cuentaTabla_p2 (iban,numero,creacion,saldo) VALUES ('OR88691482977841194690319235692353','QT312136665216734233119162',TO_DATE('2016-11-07', 'yyyy-mm-dd'),'1749,42');
INSERT INTO cuentaTabla_p2 (iban,numero,creacion,saldo) VALUES ('OA95633548864133819790922760765435','FJ286614168064820794516468',TO_DATE('2016-06-11', 'yyyy-mm-dd'),'1051,20');
INSERT INTO cuentaTabla_p2 (iban,numero,creacion,saldo) VALUES ('BI93137422139573451319199350680286','EE299356485493716017660928',TO_DATE('2016-05-26', 'yyyy-mm-dd'),'755,44');
INSERT INTO cuentaTabla_p2 (iban,numero,creacion,saldo) VALUES ('VX49974070678271238458117005418174','GZ432666518927849895424020',TO_DATE('2015-12-03', 'yyyy-mm-dd'),'1201,85');
INSERT INTO cuentaTabla_p2 (iban,numero,creacion,saldo) VALUES ('EO98500155929072427788207743122255','VL496402362803874524565269',TO_DATE('2016-04-28', 'yyyy-mm-dd'),'1571,46');
INSERT INTO cuentaTabla_p2 (iban,numero,creacion,saldo) VALUES ('PE02267316774640124817561016121571','ZD453142449199799701677112',TO_DATE('2016-11-29', 'yyyy-mm-dd'),'1306,77');
INSERT INTO cuentaTabla_p2 (iban,numero,creacion,saldo) VALUES ('MC34720153034518480223567180403259','GG922143906581198355966864',TO_DATE('2015-04-09', 'yyyy-mm-dd'),'105,04');
INSERT INTO cuentaTabla_p2 (iban,numero,creacion,saldo) VALUES ('II19860669879734995631145967201418','PJ756750701024185226709392',TO_DATE('2016-04-28', 'yyyy-mm-dd'),'1190,81');
INSERT INTO cuentaTabla_p2 (iban,numero,creacion,saldo) VALUES ('WR03493457992206687764115095160218','IC118308343326727962867448',TO_DATE('2015-03-22', 'yyyy-mm-dd'),'1815,37');
INSERT INTO cuentaTabla_p2 (iban,numero,creacion,saldo) VALUES ('CZ11209217849850715441903620157354','SS239129970185176003543174',TO_DATE('2016-11-07', 'yyyy-mm-dd'),'1556,70');
INSERT INTO cuentaTabla_p2 (iban,numero,creacion,saldo) VALUES ('AR32595816696735123283490230286479','WK064201260459574786685201',TO_DATE('2015-12-31', 'yyyy-mm-dd'),'832,69');
INSERT INTO cuentaTabla_p2 (iban,numero,creacion,saldo) VALUES ('PA57877801854929214196122747132446','RD552668092213034380759678',TO_DATE('2016-03-15', 'yyyy-mm-dd'),'1067,94');
INSERT INTO cuentaTabla_p2 (iban,numero,creacion,saldo) VALUES ('AG22068521770637896137627734009238','ZI551737991879785552530525',TO_DATE('2015-07-26', 'yyyy-mm-dd'),'937,10');
INSERT INTO cuentaTabla_p2 (iban,numero,creacion,saldo) VALUES ('HC87502145828591193867053415268618','JN472374292988600827831713',TO_DATE('2015-08-27', 'yyyy-mm-dd'),'1164,90');
INSERT INTO cuentaTabla_p2 (iban,numero,creacion,saldo) VALUES ('LQ08783030688975279554851173836495','WI684045236328021287523136',TO_DATE('2016-02-19', 'yyyy-mm-dd'),'992,98');
INSERT INTO cuentaTabla_p2 (iban,numero,creacion,saldo) VALUES ('QX48459802571066563602681623869264','IM200535628567010328280370',TO_DATE('2015-04-17', 'yyyy-mm-dd'),'578,78');
INSERT INTO cuentaTabla_p2 (iban,numero,creacion,saldo) VALUES ('GZ21915937507216369402268531389374','HU937139494349046242209688',TO_DATE('2015-06-19', 'yyyy-mm-dd'),'1767,74');
INSERT INTO cuentaTabla_p2 (iban,numero,creacion,saldo) VALUES ('FY46505572115842257706433948574753','VY438771769052118154455347',TO_DATE('2016-06-16', 'yyyy-mm-dd'),'527,51');
INSERT INTO cuentaTabla_p2 (iban,numero,creacion,saldo) VALUES ('FK12940619672042304844556888713503','AW898236139766676268678153',TO_DATE('2015-08-07', 'yyyy-mm-dd'),'1479,71');
INSERT INTO cuentaTabla_p2 (iban,numero,creacion,saldo) VALUES ('UC67348960132029765997147884237004','VQ456321709438268709553524',TO_DATE('2015-08-09', 'yyyy-mm-dd'),'153,61');
INSERT INTO cuentaTabla_p2 (iban,numero,creacion,saldo) VALUES ('JB88611756771488451742615401327975','UL205881288809896557957491',TO_DATE('2015-04-06', 'yyyy-mm-dd'),'377,95');
INSERT INTO cuentaTabla_p2 (iban,numero,creacion,saldo) VALUES ('FS12372367945023429729934776277642','QQ386834925319855267293964',TO_DATE('2015-12-14', 'yyyy-mm-dd'),'399,11');
INSERT INTO cuentaTabla_p2 (iban,numero,creacion,saldo) VALUES ('RF97661384155930614251460461901457','VS470242891490670080628136',TO_DATE('2015-07-13', 'yyyy-mm-dd'),'1217,47');
INSERT INTO cuentaTabla_p2 (iban,numero,creacion,saldo) VALUES ('RQ91366066304566668570537896480186','OI478153959703438733585261',TO_DATE('2016-05-06', 'yyyy-mm-dd'),'1797,75');
INSERT INTO cuentaTabla_p2 (iban,numero,creacion,saldo) VALUES ('BQ71468749696325528230318660031169','GE720188707640547681402331',TO_DATE('2016-01-02', 'yyyy-mm-dd'),'1397,33');
INSERT INTO cuentaTabla_p2 (iban,numero,creacion,saldo) VALUES ('OB41067646554454778104581790209771','SO529200932705115606611994',TO_DATE('2016-02-20', 'yyyy-mm-dd'),'1441,53');
INSERT INTO cuentaTabla_p2 (iban,numero,creacion,saldo) VALUES ('ZJ90425560696711287949525484709953','ZM626412597612311474579795',TO_DATE('2016-09-20', 'yyyy-mm-dd'),'317,06');
INSERT INTO cuentaTabla_p2 (iban,numero,creacion,saldo) VALUES ('FO47266042977795964425519691637166','LY281032405434743481753312',TO_DATE('2016-04-15', 'yyyy-mm-dd'),'1309,39');
INSERT INTO cuentaTabla_p2 (iban,numero,creacion,saldo) VALUES ('FW92919684430978571229084986963387','HY716255670822366296826286',TO_DATE('2015-11-15', 'yyyy-mm-dd'),'693,20');
INSERT INTO cuentaTabla_p2 (iban,numero,creacion,saldo) VALUES ('OJ26689642584785244639864376338362','RE508766944522640615165304',TO_DATE('2015-04-09', 'yyyy-mm-dd'),'267,74');
INSERT INTO cuentaTabla_p2 (iban,numero,creacion,saldo) VALUES ('XF97109853146322660632150715818621','ED855460461715941428798278',TO_DATE('2016-08-27', 'yyyy-mm-dd'),'563,03');
INSERT INTO cuentaTabla_p2 (iban,numero,creacion,saldo) VALUES ('EB45054677128791555083042146484594','YX482969831891334830525325',TO_DATE('2015-03-28', 'yyyy-mm-dd'),'1845,96');
INSERT INTO cuentaTabla_p2 (iban,numero,creacion,saldo) VALUES ('FI88146082461623962018683957064074','BR605476584609927486904137',TO_DATE('2016-05-30', 'yyyy-mm-dd'),'311,33');
INSERT INTO cuentaTabla_p2 (iban,numero,creacion,saldo) VALUES ('IJ39106455177803193485789502661802','LC521887668648111884938924',TO_DATE('2016-08-26', 'yyyy-mm-dd'),'1105,81');
INSERT INTO cuentaTabla_p2 (iban,numero,creacion,saldo) VALUES ('CU31460157758007117036978351568061','XN307770571242351174792759',TO_DATE('2016-09-08', 'yyyy-mm-dd'),'250,62');
INSERT INTO cuentaTabla_p2 (iban,numero,creacion,saldo) VALUES ('ZZ80432206613045265071385055745270','BY561813478768931447677310',TO_DATE('2015-08-21', 'yyyy-mm-dd'),'910,77');
INSERT INTO cuentaTabla_p2 (iban,numero,creacion,saldo) VALUES ('ZX41591306216095159246716987829663','OJ439443822975743056775163',TO_DATE('2017-01-16', 'yyyy-mm-dd'),'1551,95');
INSERT INTO cuentaTabla_p2 (iban,numero,creacion,saldo) VALUES ('KJ55597209867397890964762504974329','SS093306706081902780823756',TO_DATE('2015-10-24', 'yyyy-mm-dd'),'1231,91');
INSERT INTO cuentaTabla_p2 (iban,numero,creacion,saldo) VALUES ('AD10717342582416905027910428234466','FB428158714679225183779706',TO_DATE('2016-02-14', 'yyyy-mm-dd'),'963,08');
INSERT INTO cuentaTabla_p2 (iban,numero,creacion,saldo) VALUES ('NA82264457381598741989494683817690','GM079750915370909510351058',TO_DATE('2016-10-02', 'yyyy-mm-dd'),'1013,52');
INSERT INTO cuentaTabla_p2 (iban,numero,creacion,saldo) VALUES ('EI58350612471888479914423261204873','KM146876779924841787131229',TO_DATE('2016-12-28', 'yyyy-mm-dd'),'1741,84');
INSERT INTO cuentaTabla_p2 (iban,numero,creacion,saldo) VALUES ('PF95812037075358869290733997999561','PK846216889247910450214543',TO_DATE('2015-05-08', 'yyyy-mm-dd'),'628,17');
INSERT INTO cuentaTabla_p2 (iban,numero,creacion,saldo) VALUES ('ZB89070802130281351831926081001333','TL219861072990336266385691',TO_DATE('2016-08-20', 'yyyy-mm-dd'),'1782,91');
INSERT INTO cuentaTabla_p2 (iban,numero,creacion,saldo) VALUES ('EM05622196475818832793679587219930','WK909081488695200734054123',TO_DATE('2016-08-16', 'yyyy-mm-dd'),'980,75');
INSERT INTO cuentaTabla_p2 (iban,numero,creacion,saldo) VALUES ('CT29848083373054572123559161082452','JX763177608763722470577006',TO_DATE('2015-05-16', 'yyyy-mm-dd'),'268,36');
INSERT INTO cuentaTabla_p2 (iban,numero,creacion,saldo) VALUES ('VS46400946180933732848010407247092','RA712584330413007094660982',TO_DATE('2016-08-13', 'yyyy-mm-dd'),'1133,87');
INSERT INTO cuentaTabla_p2 (iban,numero,creacion,saldo) VALUES ('PH65612663991810423872346892375490','QJ771484350311033058462356',TO_DATE('2016-05-17', 'yyyy-mm-dd'),'522,37');
INSERT INTO cuentaTabla_p2 (iban,numero,creacion,saldo) VALUES ('XJ62982689661591254344672180612576','DT926550487785154450497006',TO_DATE('2016-02-02', 'yyyy-mm-dd'),'1424,27');
INSERT INTO cuentaTabla_p2 (iban,numero,creacion,saldo) VALUES ('MS79712484094410089746652491481939','LQ352090178838558224451744',TO_DATE('2016-08-03', 'yyyy-mm-dd'),'489,82');
INSERT INTO cuentaTabla_p2 (iban,numero,creacion,saldo) VALUES ('YM97776527494443147280689721886825','GL827879410367833450275999',TO_DATE('2016-05-01', 'yyyy-mm-dd'),'1132,65');
INSERT INTO cuentaTabla_p2 (iban,numero,creacion,saldo) VALUES ('YZ29626612693497168620701014009267','VW792365356258173501517711',TO_DATE('2016-05-09', 'yyyy-mm-dd'),'617,58');
INSERT INTO cuentaTabla_p2 (iban,numero,creacion,saldo) VALUES ('GL62174332400925780853351195340228','RE585016278518910819456770',TO_DATE('2016-05-03', 'yyyy-mm-dd'),'1560,53');
INSERT INTO cuentaTabla_p2 (iban,numero,creacion,saldo) VALUES ('GC11108498595260856600587812752500','SL383684485914292349120681',TO_DATE('2015-04-26', 'yyyy-mm-dd'),'870,10');
INSERT INTO cuentaTabla_p2 (iban,numero,creacion,saldo) VALUES ('BS05350926992564231669539468850200','VV862425297888686985428719',TO_DATE('2016-04-13', 'yyyy-mm-dd'),'494,87');
INSERT INTO cuentaTabla_p2 (iban,numero,creacion,saldo) VALUES ('MX14044621116068691991135290515564','UY406665308932584528096314',TO_DATE('2015-05-20', 'yyyy-mm-dd'),'1218,62');
INSERT INTO cuentaTabla_p2 (iban,numero,creacion,saldo) VALUES ('IK91424134167910834375593015806782','PZ838553626339154997124693',TO_DATE('2016-03-10', 'yyyy-mm-dd'),'1976,76');
INSERT INTO cuentaTabla_p2 (iban,numero,creacion,saldo) VALUES ('AN75616142769258980573016059708786','MM111845533697176549580301',TO_DATE('2016-10-19', 'yyyy-mm-dd'),'755,50');
INSERT INTO cuentaTabla_p2 (iban,numero,creacion,saldo) VALUES ('NY32322508338458522212255405176655','RR826595373156207313455541',TO_DATE('2015-08-31', 'yyyy-mm-dd'),'177,87');
INSERT INTO cuentaTabla_p2 (iban,numero,creacion,saldo) VALUES ('RQ02912494314866274171789907253059','DV185600899963212806161871',TO_DATE('2016-10-24', 'yyyy-mm-dd'),'1650,10');
INSERT INTO cuentaTabla_p2 (iban,numero,creacion,saldo) VALUES ('RV87973014613741779466901279120070','MI443462491743981550974340',TO_DATE('2015-09-15', 'yyyy-mm-dd'),'1934,89');
INSERT INTO cuentaTabla_p2 (iban,numero,creacion,saldo) VALUES ('AT00324488330206401327610898869608','OK598749381134713069876193',TO_DATE('2015-09-01', 'yyyy-mm-dd'),'1140,61');
INSERT INTO cuentaTabla_p2 (iban,numero,creacion,saldo) VALUES ('RY92829752608933178656438876108105','MW155909256415355760745311',TO_DATE('2015-09-22', 'yyyy-mm-dd'),'415,83');
INSERT INTO cuentaTabla_p2 (iban,numero,creacion,saldo) VALUES ('OV35120337827078576884618409948728','SR794024843869990041004007',TO_DATE('2017-02-26', 'yyyy-mm-dd'),'1470,91');
INSERT INTO cuentaTabla_p2 (iban,numero,creacion,saldo) VALUES ('PW58524607714754174087187747584954','MG739061183714681334040881',TO_DATE('2015-07-22', 'yyyy-mm-dd'),'317,96');
INSERT INTO cuentaTabla_p2 (iban,numero,creacion,saldo) VALUES ('AL62879017320647718451337616619162','RV291652302997774153044851',TO_DATE('2016-09-30', 'yyyy-mm-dd'),'1736,92');
INSERT INTO cuentaTabla_p2 (iban,numero,creacion,saldo) VALUES ('SV87652338336001848118733512408152','LB495625341880366884124040',TO_DATE('2016-02-11', 'yyyy-mm-dd'),'1726,54');
INSERT INTO cuentaTabla_p2 (iban,numero,creacion,saldo) VALUES ('UM27947144790004657705962845619861','EY442983142681958701371673',TO_DATE('2015-04-03', 'yyyy-mm-dd'),'476,03');
INSERT INTO cuentaTabla_p2 (iban,numero,creacion,saldo) VALUES ('AH55955349110340454702273499219308','KI951809406525504708077334',TO_DATE('2016-10-25', 'yyyy-mm-dd'),'1813,47');
INSERT INTO cuentaTabla_p2 (iban,numero,creacion,saldo) VALUES ('UZ73437080903030462956370730444976','VA280587783478264098801968',TO_DATE('2015-08-21', 'yyyy-mm-dd'),'1526,84');
INSERT INTO cuentaTabla_p2 (iban,numero,creacion,saldo) VALUES ('WL20881903893391450526693915360220','VX531536933708406882147414',TO_DATE('2015-09-02', 'yyyy-mm-dd'),'912,08');
INSERT INTO cuentaTabla_p2 (iban,numero,creacion,saldo) VALUES ('NW00056940963655579264524151629201','IQ577366049083986070578750',TO_DATE('2017-02-06', 'yyyy-mm-dd'),'1290,14');
INSERT INTO cuentaTabla_p2 (iban,numero,creacion,saldo) VALUES ('BN17040084703449159583729959495788','GA844075399326869487428095',TO_DATE('2015-08-13', 'yyyy-mm-dd'),'1686,57');
INSERT INTO cuentaTabla_p2 (iban,numero,creacion,saldo) VALUES ('PV60470816813744266555174797245184','KU659183860881457141385626',TO_DATE('2017-02-23', 'yyyy-mm-dd'),'62,60');
INSERT INTO cuentaTabla_p2 (iban,numero,creacion,saldo) VALUES ('GJ83756120889692139393411886957748','PJ050266332488038986681269',TO_DATE('2017-01-22', 'yyyy-mm-dd'),'1243,91');
INSERT INTO cuentaTabla_p2 (iban,numero,creacion,saldo) VALUES ('RG82810402080050307647000434858856','UK967675341817082470876250',TO_DATE('2016-04-27', 'yyyy-mm-dd'),'1346,39');
INSERT INTO cuentaTabla_p2 (iban,numero,creacion,saldo) VALUES ('QF91021800071371971591158198068049','PJ819805219528936793794484',TO_DATE('2016-05-20', 'yyyy-mm-dd'),'1437,28');
INSERT INTO cuentaTabla_p2 (iban,numero,creacion,saldo) VALUES ('OI64284360943954177117901833636124','EJ122092071879611697731166',TO_DATE('2015-07-08', 'yyyy-mm-dd'),'1522,46');
INSERT INTO cuentaTabla_p2 (iban,numero,creacion,saldo) VALUES ('LI47173022958416544908385790145558','UR358371737773173249533279',TO_DATE('2016-10-21', 'yyyy-mm-dd'),'1640,25');
INSERT INTO cuentaTabla_p2 (iban,numero,creacion,saldo) VALUES ('FV69411256630254696777644127275235','RG185980149727633961504752',TO_DATE('2015-10-06', 'yyyy-mm-dd'),'1481,58');
INSERT INTO cuentaTabla_p2 (iban,numero,creacion,saldo) VALUES ('YX04876371900210783256441115350591','VF277531800243127018080571',TO_DATE('2016-04-04', 'yyyy-mm-dd'),'602,83');
INSERT INTO cuentaTabla_p2 (iban,numero,creacion,saldo) VALUES ('DU03533074532335156854612613378642','FK414912474293575932049046',TO_DATE('2015-11-08', 'yyyy-mm-dd'),'324,97');
INSERT INTO cuentaTabla_p2 (iban,numero,creacion,saldo) VALUES ('HM94519604765270331545436247391528','QW755153395695495447858246',TO_DATE('2016-08-13', 'yyyy-mm-dd'),'1537,68');
INSERT INTO cuentaTabla_p2 (iban,numero,creacion,saldo) VALUES ('BN54015334716997389059159891786068','EE413951676268071653641828',TO_DATE('2016-07-02', 'yyyy-mm-dd'),'708,64');
INSERT INTO cuentaTabla_p2 (iban,numero,creacion,saldo) VALUES ('OJ60023935318283110686551359916021','CW839536895108557317852296',TO_DATE('2016-06-30', 'yyyy-mm-dd'),'1014,69');
INSERT INTO cuentaTabla_p2 (iban,numero,creacion,saldo) VALUES ('QN09837723310850431161206293364139','FN707316415116485140740147',TO_DATE('2015-03-16', 'yyyy-mm-dd'),'1336,97');
INSERT INTO cuentaTabla_p2 (iban,numero,creacion,saldo) VALUES ('JK84930871291725086954570801639250','SR369522340684146428333307',TO_DATE('2015-04-25', 'yyyy-mm-dd'),'539,49');
INSERT INTO cuentaTabla_p2 (iban,numero,creacion,saldo) VALUES ('YU21619025033640403579260144249592','DB917541569684816686670142',TO_DATE('2016-06-10', 'yyyy-mm-dd'),'481,68');
INSERT INTO cuentaTabla_p2 (iban,numero,creacion,saldo) VALUES ('WC68289017036674620243379974093682','VL216136528580006838907071',TO_DATE('2016-08-13', 'yyyy-mm-dd'),'1965,81');
INSERT INTO cuentaTabla_p2 (iban,numero,creacion,saldo) VALUES ('ZZ79792401884462158656425214620714','VC054785344569835728805815',TO_DATE('2015-07-13', 'yyyy-mm-dd'),'1272,65');
INSERT INTO cuentaTabla_p2 (iban,numero,creacion,saldo) VALUES ('OI22411502151235291580501548954760','HW191082718427981650004536',TO_DATE('2015-11-26', 'yyyy-mm-dd'),'783,53');
INSERT INTO cuentaTabla_p2 (iban,numero,creacion,saldo) VALUES ('DX24266876469249982555172258133759','HR584194513110096587135765',TO_DATE('2015-09-21', 'yyyy-mm-dd'),'11,74');
INSERT INTO cuentaTabla_p2 (iban,numero,creacion,saldo) VALUES ('IX08452657898345529796726578677976','EG059014545540882993377467',TO_DATE('2016-10-01', 'yyyy-mm-dd'),'1953,36');
INSERT INTO cuentaTabla_p2 (iban,numero,creacion,saldo) VALUES ('BY10087113578567912692979144432606','DA442510510273806814083072',TO_DATE('2015-05-14', 'yyyy-mm-dd'),'1559,90');
-- Oficina

INSERT INTO oficinaTabla_p2 (codigo,direccion,telefono) VALUES ('7778','880-8708 Volutpat Carretera','862869364');
INSERT INTO oficinaTabla_p2 (codigo,direccion,telefono) VALUES ('5401','Apartado núm.: 517, 4078 Sollicitudin Av.','615365146');
INSERT INTO oficinaTabla_p2 (codigo,direccion,telefono) VALUES ('4622','Apdo.:587-7511 Pellentesque Avenida','208867799');
INSERT INTO oficinaTabla_p2 (codigo,direccion,telefono) VALUES ('4870','2608 Mauris Avda.','138327395');
INSERT INTO oficinaTabla_p2 (codigo,direccion,telefono) VALUES ('4135','726-9715 Aliquet. Avenida','349535106');
INSERT INTO oficinaTabla_p2 (codigo,direccion,telefono) VALUES ('8312','8300 Pharetra. Av.','167705336');
INSERT INTO oficinaTabla_p2 (codigo,direccion,telefono) VALUES ('6865','8046 Donec ','429372675');
INSERT INTO oficinaTabla_p2 (codigo,direccion,telefono) VALUES ('6588','2510 Auctor Ctra.','266394560');
INSERT INTO oficinaTabla_p2 (codigo,direccion,telefono) VALUES ('9085','9856 Quis C/','172801270');
INSERT INTO oficinaTabla_p2 (codigo,direccion,telefono) VALUES ('6723','366-6381 Vitae, Avda.','482537700');
INSERT INTO oficinaTabla_p2 (codigo,direccion,telefono) VALUES ('7815','Apdo.:788-9134 Integer C.','155877285');
INSERT INTO oficinaTabla_p2 (codigo,direccion,telefono) VALUES ('0053','927-2337 Phasellus Ctra.','374726347');
INSERT INTO oficinaTabla_p2 (codigo,direccion,telefono) VALUES ('3937','Apartado núm.: 449, 8583 Nam C/','398209460');
INSERT INTO oficinaTabla_p2 (codigo,direccion,telefono) VALUES ('7381','Apdo.:645-886 Et Calle','900884290');
INSERT INTO oficinaTabla_p2 (codigo,direccion,telefono) VALUES ('8289','731-3133 Malesuada C/','114425144');
INSERT INTO oficinaTabla_p2 (codigo,direccion,telefono) VALUES ('0778','Apartado núm.: 131, 166 Turpis. C/','428687262');
INSERT INTO oficinaTabla_p2 (codigo,direccion,telefono) VALUES ('9839','Apartado núm.: 224, 7943 Sagittis ','960283979');
INSERT INTO oficinaTabla_p2 (codigo,direccion,telefono) VALUES ('6731','Apdo.:563-6530 Nisl ','447138342');
INSERT INTO oficinaTabla_p2 (codigo,direccion,telefono) VALUES ('1037','Apartado núm.: 900, 8829 Iaculis Avenida','220936534');
INSERT INTO oficinaTabla_p2 (codigo,direccion,telefono) VALUES ('9696','Apartado núm.: 849, 2237 Elementum, Avenida','317447810');
INSERT INTO oficinaTabla_p2 (codigo,direccion,telefono) VALUES ('2838','2002 Pharetra ','875629548');
INSERT INTO oficinaTabla_p2 (codigo,direccion,telefono) VALUES ('2663','242-9757 Ut Avda.','614297443');
INSERT INTO oficinaTabla_p2 (codigo,direccion,telefono) VALUES ('8705','Apdo.:488-2021 Etiam Ctra.','250993504');
INSERT INTO oficinaTabla_p2 (codigo,direccion,telefono) VALUES ('2435','Apdo.:433-5271 Vestibulum C/','679395075');
INSERT INTO oficinaTabla_p2 (codigo,direccion,telefono) VALUES ('7949','472-6422 Leo. Calle','905960355');
INSERT INTO oficinaTabla_p2 (codigo,direccion,telefono) VALUES ('5385','Apdo.:347-7212 Ipsum C/','208129171');
INSERT INTO oficinaTabla_p2 (codigo,direccion,telefono) VALUES ('0029','453-6456 Felis. Ctra.','453449524');
INSERT INTO oficinaTabla_p2 (codigo,direccion,telefono) VALUES ('1315','6074 Convallis C/','161296236');
INSERT INTO oficinaTabla_p2 (codigo,direccion,telefono) VALUES ('3584','765-3599 Fermentum Avda.','392647754');
INSERT INTO oficinaTabla_p2 (codigo,direccion,telefono) VALUES ('1740','Apartado núm.: 764, 7446 Fames C/','111980176');
INSERT INTO oficinaTabla_p2 (codigo,direccion,telefono) VALUES ('9388','Apdo.:576-8498 Ac Avda.','399868169');
INSERT INTO oficinaTabla_p2 (codigo,direccion,telefono) VALUES ('3952','Apdo.:914-1916 Iaculis Avenida','328977634');
INSERT INTO oficinaTabla_p2 (codigo,direccion,telefono) VALUES ('4005','Apdo.:382-2888 Iaculis C.','666961518');
INSERT INTO oficinaTabla_p2 (codigo,direccion,telefono) VALUES ('6739','9281 Metus. Ctra.','648910244');
INSERT INTO oficinaTabla_p2 (codigo,direccion,telefono) VALUES ('1739','Apdo.:992-369 Tincidunt C.','631470413');
INSERT INTO oficinaTabla_p2 (codigo,direccion,telefono) VALUES ('9065','Apartado núm.: 662, 6879 Feugiat ','215282357');
INSERT INTO oficinaTabla_p2 (codigo,direccion,telefono) VALUES ('4355','Apartado núm.: 626, 5029 Rhoncus Calle','326994565');
INSERT INTO oficinaTabla_p2 (codigo,direccion,telefono) VALUES ('6681','Apartado núm.: 757, 9977 Pede. Carretera','566238819');
INSERT INTO oficinaTabla_p2 (codigo,direccion,telefono) VALUES ('6718','3248 Vivamus Ctra.','115956700');
INSERT INTO oficinaTabla_p2 (codigo,direccion,telefono) VALUES ('0815','Apartado núm.: 454, 7013 Mi ','463984313');
INSERT INTO oficinaTabla_p2 (codigo,direccion,telefono) VALUES ('5289','Apdo.:496-5036 Elit, Calle','388772833');
INSERT INTO oficinaTabla_p2 (codigo,direccion,telefono) VALUES ('7975','5910 Metus Av.','914169626');
INSERT INTO oficinaTabla_p2 (codigo,direccion,telefono) VALUES ('1445','Apartado núm.: 503, 432 Imperdiet, Carretera','395387647');
INSERT INTO oficinaTabla_p2 (codigo,direccion,telefono) VALUES ('1605','757-1930 Integer Av.','214503061');
INSERT INTO oficinaTabla_p2 (codigo,direccion,telefono) VALUES ('4893','546-6483 Nunc Ctra.','998172273');
INSERT INTO oficinaTabla_p2 (codigo,direccion,telefono) VALUES ('3722','Apdo.:877-8260 Sociis Calle','698959634');
INSERT INTO oficinaTabla_p2 (codigo,direccion,telefono) VALUES ('4074','Apartado núm.: 832, 1959 Phasellus Calle','577802095');
INSERT INTO oficinaTabla_p2 (codigo,direccion,telefono) VALUES ('6289','Apartado núm.: 234, 8627 Cras Avda.','247517139');
INSERT INTO oficinaTabla_p2 (codigo,direccion,telefono) VALUES ('3137','Apartado núm.: 845, 4405 Neque. Avenida','757452215');
INSERT INTO oficinaTabla_p2 (codigo,direccion,telefono) VALUES ('5695','412-9918 Netus Avda.','273894182');
INSERT INTO oficinaTabla_p2 (codigo,direccion,telefono) VALUES ('2988','Apartado núm.: 590, 3003 Nibh. Avda.','209986218');
INSERT INTO oficinaTabla_p2 (codigo,direccion,telefono) VALUES ('3756','2356 Vulputate, Avenida','773916054');
INSERT INTO oficinaTabla_p2 (codigo,direccion,telefono) VALUES ('6887','Apartado núm.: 324, 7643 Nulla ','734523414');
INSERT INTO oficinaTabla_p2 (codigo,direccion,telefono) VALUES ('7734','9618 Non Avda.','619759891');
INSERT INTO oficinaTabla_p2 (codigo,direccion,telefono) VALUES ('2001','Apartado núm.: 115, 9415 Pharetra. Avda.','848274845');
INSERT INTO oficinaTabla_p2 (codigo,direccion,telefono) VALUES ('6233','Apartado núm.: 215, 1455 Euismod Ctra.','384694338');
INSERT INTO oficinaTabla_p2 (codigo,direccion,telefono) VALUES ('3172','Apartado núm.: 580, 4565 Ipsum Avenida','497773220');
INSERT INTO oficinaTabla_p2 (codigo,direccion,telefono) VALUES ('6124','Apdo.:412-6395 Phasellus Ctra.','537954812');
INSERT INTO oficinaTabla_p2 (codigo,direccion,telefono) VALUES ('5590','Apdo.:362-2291 At, Ctra.','739325659');
INSERT INTO oficinaTabla_p2 (codigo,direccion,telefono) VALUES ('8571','Apdo.:461-1976 Vitae Calle','845480695');
INSERT INTO oficinaTabla_p2 (codigo,direccion,telefono) VALUES ('1043','Apartado núm.: 359, 7955 Suspendisse Avenida','893948440');
INSERT INTO oficinaTabla_p2 (codigo,direccion,telefono) VALUES ('0768','Apdo.:416-5869 Dui Avda.','523196196');
INSERT INTO oficinaTabla_p2 (codigo,direccion,telefono) VALUES ('2142','838-148 Nunc Avenida','390273713');
INSERT INTO oficinaTabla_p2 (codigo,direccion,telefono) VALUES ('1210','263-7460 Arcu. C.','864490136');
INSERT INTO oficinaTabla_p2 (codigo,direccion,telefono) VALUES ('4588','Apartado núm.: 482, 8926 Lorem, Avenida','743415503');
INSERT INTO oficinaTabla_p2 (codigo,direccion,telefono) VALUES ('8815','7277 Neque. C.','505608311');
INSERT INTO oficinaTabla_p2 (codigo,direccion,telefono) VALUES ('7203','902-8970 Dui Calle','692567635');
INSERT INTO oficinaTabla_p2 (codigo,direccion,telefono) VALUES ('5228','817-2600 Tincidunt Calle','847388553');
INSERT INTO oficinaTabla_p2 (codigo,direccion,telefono) VALUES ('8178','Apdo.:216-2750 Faucibus Ctra.','772753720');
INSERT INTO oficinaTabla_p2 (codigo,direccion,telefono) VALUES ('3072','Apartado núm.: 411, 9276 Turpis ','331964911');
INSERT INTO oficinaTabla_p2 (codigo,direccion,telefono) VALUES ('7920','Apdo.:168-5059 Mauris ','960695517');
INSERT INTO oficinaTabla_p2 (codigo,direccion,telefono) VALUES ('7343','6786 Enim Avda.','995597553');
INSERT INTO oficinaTabla_p2 (codigo,direccion,telefono) VALUES ('7226','2823 Rutrum. Av.','828908641');
INSERT INTO oficinaTabla_p2 (codigo,direccion,telefono) VALUES ('9321','Apartado núm.: 751, 2088 Metus. Ctra.','317933852');
INSERT INTO oficinaTabla_p2 (codigo,direccion,telefono) VALUES ('7717','4693 Sed Ctra.','762218517');
INSERT INTO oficinaTabla_p2 (codigo,direccion,telefono) VALUES ('4799','Apartado núm.: 786, 6349 Vestibulum Avenida','471558930');
INSERT INTO oficinaTabla_p2 (codigo,direccion,telefono) VALUES ('9683','Apdo.:871-2900 Blandit Calle','211837294');
INSERT INTO oficinaTabla_p2 (codigo,direccion,telefono) VALUES ('2423','677-7485 Habitant Carretera','583234591');
INSERT INTO oficinaTabla_p2 (codigo,direccion,telefono) VALUES ('4378','4792 Faucibus Avenida','922162250');
INSERT INTO oficinaTabla_p2 (codigo,direccion,telefono) VALUES ('1705','744-9497 A, Calle','217957825');
INSERT INTO oficinaTabla_p2 (codigo,direccion,telefono) VALUES ('4207','Apdo.:830-2663 Massa. Carretera','623936459');
INSERT INTO oficinaTabla_p2 (codigo,direccion,telefono) VALUES ('3132','Apartado núm.: 688, 4195 Dui. Carretera','616333723');
INSERT INTO oficinaTabla_p2 (codigo,direccion,telefono) VALUES ('4396','382-1733 Mus. Ctra.','699843784');
INSERT INTO oficinaTabla_p2 (codigo,direccion,telefono) VALUES ('2049','Apartado núm.: 821, 610 Amet, Avda.','142436380');
INSERT INTO oficinaTabla_p2 (codigo,direccion,telefono) VALUES ('1986','328-2856 Sit Avda.','414118468');
INSERT INTO oficinaTabla_p2 (codigo,direccion,telefono) VALUES ('5932','Apartado núm.: 225, 6921 Blandit Avenida','630824281');
INSERT INTO oficinaTabla_p2 (codigo,direccion,telefono) VALUES ('2081','Apartado núm.: 927, 1373 Integer Av.','410507916');
INSERT INTO oficinaTabla_p2 (codigo,direccion,telefono) VALUES ('0886','Apdo.:294-9707 Enim. C.','851207640');
INSERT INTO oficinaTabla_p2 (codigo,direccion,telefono) VALUES ('4593','827-6675 Nec Calle','307212069');
INSERT INTO oficinaTabla_p2 (codigo,direccion,telefono) VALUES ('3502','897-4181 Augue. Calle','531689160');
INSERT INTO oficinaTabla_p2 (codigo,direccion,telefono) VALUES ('6445','Apartado núm.: 561, 5888 Ut, Avenida','596929870');
INSERT INTO oficinaTabla_p2 (codigo,direccion,telefono) VALUES ('3434','Apartado núm.: 132, 3014 Mauris Calle','843944968');
INSERT INTO oficinaTabla_p2 (codigo,direccion,telefono) VALUES ('4142','271-6894 Hendrerit. Carretera','238445637');
INSERT INTO oficinaTabla_p2 (codigo,direccion,telefono) VALUES ('5870','6532 Enim. C.','866348790');
INSERT INTO oficinaTabla_p2 (codigo,direccion,telefono) VALUES ('9514','Apdo.:186-3493 Eu Av.','626909784');
INSERT INTO oficinaTabla_p2 (codigo,direccion,telefono) VALUES ('6656','Apdo.:406-7707 Maecenas ','558876002');
INSERT INTO oficinaTabla_p2 (codigo,direccion,telefono) VALUES ('1199','Apartado núm.: 242, 6187 Quisque Carretera','319512827');
INSERT INTO oficinaTabla_p2 (codigo,direccion,telefono) VALUES ('8934','1080 Mi Carretera','465780993');
INSERT INTO oficinaTabla_p2 (codigo,direccion,telefono) VALUES ('1508','Apartado núm.: 772, 282 Semper C/','536574688');
INSERT INTO oficinaTabla_p2 (codigo,direccion,telefono) VALUES ('8848','9311 Proin Carretera','744948262');




-- Pertenece (Todas las cuentas de cuentaTabla_p2 pertenece a una oficina)
/*Cambiar lo que está comentado para que funcione con referencias! */

INSERT INTO pertenece_p2 (iban,codigo) VALUES((SELECT cuenta_p2(ref(cu)) from cuentaTabla_p2 cu where cu.iban='FP33730958577227579078926552917807' and ROWNUM = 1) ,(SELECT oficina_p2(ref(o)) from oficinaTabla_p2 o where o.codigo='1986' and ROWNUM = 1));
/*
INSERT INTO pertenece_p2 (IBAN,CODIGO) VALUES ('JI40453364997466550044235348213144','1986');
INSERT INTO pertenece_p2 (IBAN,CODIGO) VALUES ('HL76676038213950241779936041435785','1986');
INSERT INTO pertenece_p2 (IBAN,CODIGO) VALUES ('BD19607765245983312200917823690887','1986');
INSERT INTO pertenece_p2 (IBAN,CODIGO) VALUES ('HR80011754363760623558518621971359','1986');
INSERT INTO pertenece_p2 (IBAN,CODIGO) VALUES ('TC21975092033903028935377885821921','1986');
INSERT INTO pertenece_p2 (IBAN,CODIGO) VALUES ('RJ82870931752843605801348664024434','1986');
INSERT INTO pertenece_p2 (IBAN,CODIGO) VALUES ('OR88691482977841194690319235692353','1986');
INSERT INTO pertenece_p2 (IBAN,CODIGO) VALUES ('OA95633548864133819790922760765435','1986');
INSERT INTO pertenece_p2 (IBAN,CODIGO) VALUES ('BI93137422139573451319199350680286','6445');
INSERT INTO pertenece_p2 (IBAN,CODIGO) VALUES ('VX49974070678271238458117005418174','6445');
INSERT INTO pertenece_p2 (IBAN,CODIGO) VALUES ('EO98500155929072427788207743122255','6445');
INSERT INTO pertenece_p2 (IBAN,CODIGO) VALUES ('PE02267316774640124817561016121571','6445');
INSERT INTO pertenece_p2 (IBAN,CODIGO) VALUES ('MC34720153034518480223567180403259','6445');
INSERT INTO pertenece_p2 (IBAN,CODIGO) VALUES ('II19860669879734995631145967201418','6445');
INSERT INTO pertenece_p2 (IBAN,CODIGO) VALUES ('WR03493457992206687764115095160218','6445');
INSERT INTO pertenece_p2 (IBAN,CODIGO) VALUES ('CZ11209217849850715441903620157354','6445');
INSERT INTO pertenece_p2 (IBAN,CODIGO) VALUES ('AR32595816696735123283490230286479','6445');
INSERT INTO pertenece_p2 (IBAN,CODIGO) VALUES ('PA57877801854929214196122747132446','6445');
INSERT INTO pertenece_p2 (IBAN,CODIGO) VALUES ('AG22068521770637896137627734009238','3434');
INSERT INTO pertenece_p2 (IBAN,CODIGO) VALUES ('HC87502145828591193867053415268618','3434');
INSERT INTO pertenece_p2 (IBAN,CODIGO) VALUES ('LQ08783030688975279554851173836495','3434');
INSERT INTO pertenece_p2 (IBAN,CODIGO) VALUES ('QX48459802571066563602681623869264','3434');
INSERT INTO pertenece_p2 (IBAN,CODIGO) VALUES ('GZ21915937507216369402268531389374','3434');
INSERT INTO pertenece_p2 (IBAN,CODIGO) VALUES ('FY46505572115842257706433948574753','3434');
INSERT INTO pertenece_p2 (IBAN,CODIGO) VALUES ('FK12940619672042304844556888713503','3434');
INSERT INTO pertenece_p2 (IBAN,CODIGO) VALUES ('UC67348960132029765997147884237004','3434');
INSERT INTO pertenece_p2 (IBAN,CODIGO) VALUES ('JB88611756771488451742615401327975','3434');
INSERT INTO pertenece_p2 (IBAN,CODIGO) VALUES ('FS12372367945023429729934776277642','3434');
INSERT INTO pertenece_p2 (IBAN,CODIGO) VALUES ('RF97661384155930614251460461901457','4142');
INSERT INTO pertenece_p2 (IBAN,CODIGO) VALUES ('RQ91366066304566668570537896480186','4142');
INSERT INTO pertenece_p2 (IBAN,CODIGO) VALUES ('BQ71468749696325528230318660031169','4142');
INSERT INTO pertenece_p2 (IBAN,CODIGO) VALUES ('OB41067646554454778104581790209771','4142');
INSERT INTO pertenece_p2 (IBAN,CODIGO) VALUES ('ZJ90425560696711287949525484709953','4142');
INSERT INTO pertenece_p2 (IBAN,CODIGO) VALUES ('FO47266042977795964425519691637166','4142');
INSERT INTO pertenece_p2 (IBAN,CODIGO) VALUES ('FW92919684430978571229084986963387','4142');
INSERT INTO pertenece_p2 (IBAN,CODIGO) VALUES ('OJ26689642584785244639864376338362','4142');
INSERT INTO pertenece_p2 (IBAN,CODIGO) VALUES ('XF97109853146322660632150715818621','4142');
INSERT INTO pertenece_p2 (IBAN,CODIGO) VALUES ('EB45054677128791555083042146484594','4142');
INSERT INTO pertenece_p2 (IBAN,CODIGO) VALUES ('FI88146082461623962018683957064074','5870');
INSERT INTO pertenece_p2 (IBAN,CODIGO) VALUES ('IJ39106455177803193485789502661802','5870');
INSERT INTO pertenece_p2 (IBAN,CODIGO) VALUES ('CU31460157758007117036978351568061','5870');
INSERT INTO pertenece_p2 (IBAN,CODIGO) VALUES ('ZZ80432206613045265071385055745270','5870');
INSERT INTO pertenece_p2 (IBAN,CODIGO) VALUES ('ZX41591306216095159246716987829663','5870');
INSERT INTO pertenece_p2 (IBAN,CODIGO) VALUES ('KJ55597209867397890964762504974329','5870');
INSERT INTO pertenece_p2 (IBAN,CODIGO) VALUES ('AD10717342582416905027910428234466','5870');
INSERT INTO pertenece_p2 (IBAN,CODIGO) VALUES ('NA82264457381598741989494683817690','5870');
INSERT INTO pertenece_p2 (IBAN,CODIGO) VALUES ('EI58350612471888479914423261204873','5870');
INSERT INTO pertenece_p2 (IBAN,CODIGO) VALUES ('PF95812037075358869290733997999561','5870');
INSERT INTO pertenece_p2 (IBAN,CODIGO) VALUES ('ZB89070802130281351831926081001333','9514');
INSERT INTO pertenece_p2 (IBAN,CODIGO) VALUES ('EM05622196475818832793679587219930','9514');
INSERT INTO pertenece_p2 (IBAN,CODIGO) VALUES ('CT29848083373054572123559161082452','9514');
INSERT INTO pertenece_p2 (IBAN,CODIGO) VALUES ('VS46400946180933732848010407247092','9514');
INSERT INTO pertenece_p2 (IBAN,CODIGO) VALUES ('PH65612663991810423872346892375490','9514');
INSERT INTO pertenece_p2 (IBAN,CODIGO) VALUES ('XJ62982689661591254344672180612576','9514');
INSERT INTO pertenece_p2 (IBAN,CODIGO) VALUES ('MS79712484094410089746652491481939','9514');
INSERT INTO pertenece_p2 (IBAN,CODIGO) VALUES ('YM97776527494443147280689721886825','9514');
INSERT INTO pertenece_p2 (IBAN,CODIGO) VALUES ('YZ29626612693497168620701014009267','9514');
INSERT INTO pertenece_p2 (IBAN,CODIGO) VALUES ('GL62174332400925780853351195340228','9514');
INSERT INTO pertenece_p2 (IBAN,CODIGO) VALUES ('GC11108498595260856600587812752500','1199');
INSERT INTO pertenece_p2 (IBAN,CODIGO) VALUES ('BS05350926992564231669539468850200','1199');
INSERT INTO pertenece_p2 (IBAN,CODIGO) VALUES ('MX14044621116068691991135290515564','1199');
INSERT INTO pertenece_p2 (IBAN,CODIGO) VALUES ('IK91424134167910834375593015806782','1199');
INSERT INTO pertenece_p2 (IBAN,CODIGO) VALUES ('AN75616142769258980573016059708786','1199');
INSERT INTO pertenece_p2 (IBAN,CODIGO) VALUES ('NY32322508338458522212255405176655','1199');
INSERT INTO pertenece_p2 (IBAN,CODIGO) VALUES ('RQ02912494314866274171789907253059','1199');
INSERT INTO pertenece_p2 (IBAN,CODIGO) VALUES ('RV87973014613741779466901279120070','1199');
INSERT INTO pertenece_p2 (IBAN,CODIGO) VALUES ('AT00324488330206401327610898869608','1199');
INSERT INTO pertenece_p2 (IBAN,CODIGO) VALUES ('RY92829752608933178656438876108105','1199');
INSERT INTO pertenece_p2 (IBAN,CODIGO) VALUES ('OV35120337827078576884618409948728','8934');
INSERT INTO pertenece_p2 (IBAN,CODIGO) VALUES ('PW58524607714754174087187747584954','8934');
INSERT INTO pertenece_p2 (IBAN,CODIGO) VALUES ('AL62879017320647718451337616619162','8934');
INSERT INTO pertenece_p2 (IBAN,CODIGO) VALUES ('SV87652338336001848118733512408152','8934');
INSERT INTO pertenece_p2 (IBAN,CODIGO) VALUES ('UM27947144790004657705962845619861','8934');
INSERT INTO pertenece_p2 (IBAN,CODIGO) VALUES ('AH55955349110340454702273499219308','8934');
INSERT INTO pertenece_p2 (IBAN,CODIGO) VALUES ('UZ73437080903030462956370730444976','8934');
INSERT INTO pertenece_p2 (IBAN,CODIGO) VALUES ('WL20881903893391450526693915360220','8934');
INSERT INTO pertenece_p2 (IBAN,CODIGO) VALUES ('NW00056940963655579264524151629201','8934');
INSERT INTO pertenece_p2 (IBAN,CODIGO) VALUES ('BN17040084703449159583729959495788','8934');
INSERT INTO pertenece_p2 (IBAN,CODIGO) VALUES ('PV60470816813744266555174797245184','1508');
INSERT INTO pertenece_p2 (IBAN,CODIGO) VALUES ('GJ83756120889692139393411886957748','1508');
INSERT INTO pertenece_p2 (IBAN,CODIGO) VALUES ('RG82810402080050307647000434858856','1508');
INSERT INTO pertenece_p2 (IBAN,CODIGO) VALUES ('QF91021800071371971591158198068049','1508');
INSERT INTO pertenece_p2 (IBAN,CODIGO) VALUES ('OI64284360943954177117901833636124','1508');
INSERT INTO pertenece_p2 (IBAN,CODIGO) VALUES ('LI47173022958416544908385790145558','1508');
INSERT INTO pertenece_p2 (IBAN,CODIGO) VALUES ('FV69411256630254696777644127275235','1508');
INSERT INTO pertenece_p2 (IBAN,CODIGO) VALUES ('YX04876371900210783256441115350591','1508');
INSERT INTO pertenece_p2 (IBAN,CODIGO) VALUES ('DU03533074532335156854612613378642','1508');
INSERT INTO pertenece_p2 (IBAN,CODIGO) VALUES ('HM94519604765270331545436247391528','1508');
INSERT INTO pertenece_p2 (IBAN,CODIGO) VALUES ('BN54015334716997389059159891786068','8848');
INSERT INTO pertenece_p2 (IBAN,CODIGO) VALUES ('OJ60023935318283110686551359916021','8848');
INSERT INTO pertenece_p2 (IBAN,CODIGO) VALUES ('QN09837723310850431161206293364139','8848');
INSERT INTO pertenece_p2 (IBAN,CODIGO) VALUES ('JK84930871291725086954570801639250','8848');
INSERT INTO pertenece_p2 (IBAN,CODIGO) VALUES ('YU21619025033640403579260144249592','8848');
INSERT INTO pertenece_p2 (IBAN,CODIGO) VALUES ('WC68289017036674620243379974093682','8848');
INSERT INTO pertenece_p2 (IBAN,CODIGO) VALUES ('ZZ79792401884462158656425214620714','8848');
INSERT INTO pertenece_p2 (IBAN,CODIGO) VALUES ('OI22411502151235291580501548954760','8848');
INSERT INTO pertenece_p2 (IBAN,CODIGO) VALUES ('DX24266876469249982555172258133759','8848');
INSERT INTO pertenece_p2 (IBAN,CODIGO) VALUES ('IX08452657898345529796726578677976','8848');
INSERT INTO pertenece_p2 (IBAN,CODIGO) VALUES ('BY10087113578567912692979144432606','8848');

-- Cuenta de Ahorro
INSERT INTO cuentaAhorro_p2 (IBAN,INTERES, DIA) VALUES ('FP33730958577227579078926552917807', '2,65', '10');
INSERT INTO cuentaAhorro_p2 (IBAN,INTERES, DIA) VALUES ('JI40453364997466550044235348213144', '3,0', '1');
INSERT INTO cuentaAhorro_p2 (IBAN,INTERES, DIA) VALUES ('HL76676038213950241779936041435785', '2,5', '31');
INSERT INTO cuentaAhorro_p2 (IBAN,INTERES, DIA) VALUES ('BD19607765245983312200917823690887', '2,5', '28');
INSERT INTO cuentaAhorro_p2 (IBAN,INTERES, DIA) VALUES ('HR80011754363760623558518621971359', '1,85', '25');
INSERT INTO cuentaAhorro_p2 (IBAN,INTERES, DIA) VALUES ('TC21975092033903028935377885821921', '3,0', '22');
INSERT INTO cuentaAhorro_p2 (IBAN,INTERES, DIA) VALUES ('RJ82870931752843605801348664024434', '2,70', '12');
INSERT INTO cuentaAhorro_p2 (IBAN,INTERES, DIA) VALUES ('OR88691482977841194690319235692353', '2,70', '22');
INSERT INTO cuentaAhorro_p2 (IBAN,INTERES, DIA) VALUES ('OA95633548864133819790922760765435', '1,85', '14');
INSERT INTO cuentaAhorro_p2 (IBAN,INTERES, DIA) VALUES ('BI93137422139573451319199350680286', '3,2', '22');
INSERT INTO cuentaAhorro_p2 (IBAN,INTERES, DIA) VALUES ('VX49974070678271238458117005418174', '3,0', '15');
INSERT INTO cuentaAhorro_p2 (IBAN,INTERES, DIA) VALUES ('EO98500155929072427788207743122255', '2,5', '16');
INSERT INTO cuentaAhorro_p2 (IBAN,INTERES, DIA) VALUES ('PE02267316774640124817561016121571', '2,70', '22');
INSERT INTO cuentaAhorro_p2 (IBAN,INTERES, DIA) VALUES ('MC34720153034518480223567180403259', '3,2', '24');
INSERT INTO cuentaAhorro_p2 (IBAN,INTERES, DIA) VALUES ('II19860669879734995631145967201418', '3,0', '22');
INSERT INTO cuentaAhorro_p2 (IBAN,INTERES, DIA) VALUES ('WR03493457992206687764115095160218', '1,85', '29');
INSERT INTO cuentaAhorro_p2 (IBAN,INTERES, DIA) VALUES ('CZ11209217849850715441903620157354', '3,2', '30');
INSERT INTO cuentaAhorro_p2 (IBAN,INTERES, DIA) VALUES ('AR32595816696735123283490230286479', '3,0', '5');
INSERT INTO cuentaAhorro_p2 (IBAN,INTERES, DIA) VALUES ('PA57877801854929214196122747132446', '2,5', '3');
INSERT INTO cuentaAhorro_p2 (IBAN,INTERES, DIA) VALUES ('AG22068521770637896137627734009238', '1,85', '2');
*/



-- operacionTabla_p2
INSERT INTO operacionTabla_p2 (contador,tipo,fechahora,corigen,cdestino,sucursal,concepto) VALUES (1,'',TO_DATE('2014-10-20 08:13:00', 'yyyy-mm-dd HH24:MI:SS'),'','','','');
INSERT INTO operacionTabla_p2 (contador,tipo,fechahora,corigen,cdestino,sucursal,concepto) VALUES (2,'',TO_DATE('2009-03-19 02:59:00', 'yyyy-mm-dd HH24:MI:SS'),'','','','');
INSERT INTO operacionTabla_p2 (contador,tipo,fechahora,corigen,cdestino,sucursal,concepto) VALUES (3,'',TO_DATE('2008-10-04 17:28:00', 'yyyy-mm-dd HH24:MI:SS'),'','','','');
INSERT INTO operacionTabla_p2 (contador,tipo,fechahora,corigen,cdestino,sucursal,concepto) VALUES (4,'',TO_DATE('2008-12-29 02:24:00', 'yyyy-mm-dd HH24:MI:SS'),'','','','');
INSERT INTO operacionTabla_p2 (contador,tipo,fechahora,corigen,cdestino,sucursal,concepto) VALUES (5,'',TO_DATE('2012-08-20 15:50:00', 'yyyy-mm-dd HH24:MI:SS'),'','','','');
INSERT INTO operacionTabla_p2 (contador,tipo,fechahora,corigen,cdestino,sucursal,concepto) VALUES (6,'',TO_DATE('2012-10-13 09:28:00', 'yyyy-mm-dd HH24:MI:SS'),'','','','');
INSERT INTO operacionTabla_p2 (contador,tipo,fechahora,corigen,cdestino,sucursal,concepto) VALUES (7,'',TO_DATE('2008-07-22 03:32:00', 'yyyy-mm-dd HH24:MI:SS'),'','','','');
INSERT INTO operacionTabla_p2 (contador,tipo,fechahora,corigen,cdestino,sucursal,concepto) VALUES (8,'',TO_DATE('2013-08-16 05:15:00', 'yyyy-mm-dd HH24:MI:SS'),'','','','');
INSERT INTO operacionTabla_p2 (contador,tipo,fechahora,corigen,cdestino,sucursal,concepto) VALUES (9,'',TO_DATE('2013-05-31 13:26:00', 'yyyy-mm-dd HH24:MI:SS'),'','','','');
INSERT INTO operacionTabla_p2 (contador,tipo,fechahora,corigen,cdestino,sucursal,concepto) VALUES (10,'',TO_DATE('2014-06-06 20:20:00', 'yyyy-mm-dd HH24:MI:SS'),'','','','');
INSERT INTO operacionTabla_p2 (contador,tipo,fechahora,corigen,cdestino,sucursal,concepto) VALUES (11,'',TO_DATE('2006-05-05 14:01:00', 'yyyy-mm-dd HH24:MI:SS'),'','','','');
INSERT INTO operacionTabla_p2 (contador,tipo,fechahora,corigen,cdestino,sucursal,concepto) VALUES (12,'',TO_DATE('2011-05-29 22:12:00', 'yyyy-mm-dd HH24:MI:SS'),'','','','');
INSERT INTO operacionTabla_p2 (contador,tipo,fechahora,corigen,cdestino,sucursal,concepto) VALUES (13,'',TO_DATE('2011-07-04 11:43:00', 'yyyy-mm-dd HH24:MI:SS'),'','','','');
INSERT INTO operacionTabla_p2 (contador,tipo,fechahora,corigen,cdestino,sucursal,concepto) VALUES (14,'',TO_DATE('2010-05-08 15:14:00', 'yyyy-mm-dd HH24:MI:SS'),'','','','');
INSERT INTO operacionTabla_p2 (contador,tipo,fechahora,corigen,cdestino,sucursal,concepto) VALUES (15,'',TO_DATE('2014-06-23 08:27:00', 'yyyy-mm-dd HH24:MI:SS'),'','','','');
INSERT INTO operacionTabla_p2 (contador,tipo,fechahora,corigen,cdestino,sucursal,concepto) VALUES (16,'',TO_DATE('2014-01-15 11:21:00', 'yyyy-mm-dd HH24:MI:SS'),'','','','');
INSERT INTO operacionTabla_p2 (contador,tipo,fechahora,corigen,cdestino,sucursal,concepto) VALUES (17,'',TO_DATE('2007-12-13 16:22:00', 'yyyy-mm-dd HH24:MI:SS'),'','','','');
INSERT INTO operacionTabla_p2 (contador,tipo,fechahora,corigen,cdestino,sucursal,concepto) VALUES (18,'',TO_DATE('2009-03-03 14:48:00', 'yyyy-mm-dd HH24:MI:SS'),'','','','');
INSERT INTO operacionTabla_p2 (contador,tipo,fechahora,corigen,cdestino,sucursal,concepto) VALUES (19,'',TO_DATE('2006-05-31 13:07:00', 'yyyy-mm-dd HH24:MI:SS'),'','','','');
INSERT INTO operacionTabla_p2 (contador,tipo,fechahora,corigen,cdestino,sucursal,concepto) VALUES (20,'',TO_DATE('2011-01-05 23:14:00', 'yyyy-mm-dd HH24:MI:SS'),'','','','');
INSERT INTO operacionTabla_p2 (contador,tipo,fechahora,corigen,cdestino,sucursal,concepto) VALUES (21,'',TO_DATE('2012-02-19 07:28:00', 'yyyy-mm-dd HH24:MI:SS'),'','','','');
INSERT INTO operacionTabla_p2 (contador,tipo,fechahora,corigen,cdestino,sucursal,concepto) VALUES (22,'',TO_DATE('2009-06-21 20:52:00', 'yyyy-mm-dd HH24:MI:SS'),'','','','');
INSERT INTO operacionTabla_p2 (contador,tipo,fechahora,corigen,cdestino,sucursal,concepto) VALUES (23,'',TO_DATE('2012-05-08 23:33:00', 'yyyy-mm-dd HH24:MI:SS'),'','','','');
INSERT INTO operacionTabla_p2 (contador,tipo,fechahora,corigen,cdestino,sucursal,concepto) VALUES (24,'',TO_DATE('2011-12-18 16:10:00', 'yyyy-mm-dd HH24:MI:SS'),'','','','');
INSERT INTO operacionTabla_p2 (contador,tipo,fechahora,corigen,cdestino,sucursal,concepto) VALUES (25,'',TO_DATE('2014-08-19 03:59:00', 'yyyy-mm-dd HH24:MI:SS'),'','','','');
INSERT INTO operacionTabla_p2 (contador,tipo,fechahora,corigen,cdestino,sucursal,concepto) VALUES (26,'',TO_DATE('2008-06-17 19:43:00', 'yyyy-mm-dd HH24:MI:SS'),'','','','');
INSERT INTO operacionTabla_p2 (contador,tipo,fechahora,corigen,cdestino,sucursal,concepto) VALUES (27,'',TO_DATE('2009-05-09 08:34:00', 'yyyy-mm-dd HH24:MI:SS'),'','','','');
INSERT INTO operacionTabla_p2 (contador,tipo,fechahora,corigen,cdestino,sucursal,concepto) VALUES (28,'',TO_DATE('2011-10-15 11:49:00', 'yyyy-mm-dd HH24:MI:SS'),'','','','');
INSERT INTO operacionTabla_p2 (contador,tipo,fechahora,corigen,cdestino,sucursal,concepto) VALUES (29,'',TO_DATE('2013-10-07 10:11:00', 'yyyy-mm-dd HH24:MI:SS'),'','','','');
INSERT INTO operacionTabla_p2 (contador,tipo,fechahora,corigen,cdestino,sucursal,concepto) VALUES (30,'',TO_DATE('2008-09-26 12:10:00', 'yyyy-mm-dd HH24:MI:SS'),'','','','');
INSERT INTO operacionTabla_p2 (contador,tipo,fechahora,corigen,cdestino,sucursal,concepto) VALUES (31,'',TO_DATE('2016-01-04 19:48:00', 'yyyy-mm-dd HH24:MI:SS'),'','','','');
INSERT INTO operacionTabla_p2 (contador,tipo,fechahora,corigen,cdestino,sucursal,concepto) VALUES (32,'',TO_DATE('2007-12-01 13:38:00', 'yyyy-mm-dd HH24:MI:SS'),'','','','');
INSERT INTO operacionTabla_p2 (contador,tipo,fechahora,corigen,cdestino,sucursal,concepto) VALUES (33,'',TO_DATE('2014-10-25 15:07:00', 'yyyy-mm-dd HH24:MI:SS'),'','','','');
INSERT INTO operacionTabla_p2 (contador,tipo,fechahora,corigen,cdestino,sucursal,concepto) VALUES (34,'',TO_DATE('2008-03-25 08:14:00', 'yyyy-mm-dd HH24:MI:SS'),'','','','');
INSERT INTO operacionTabla_p2 (contador,tipo,fechahora,corigen,cdestino,sucursal,concepto) VALUES (35,'',TO_DATE('2012-08-12 08:27:00', 'yyyy-mm-dd HH24:MI:SS'),'','','','');
INSERT INTO operacionTabla_p2 (contador,tipo,fechahora,corigen,cdestino,sucursal,concepto) VALUES (36,'',TO_DATE('2015-05-24 17:20:00', 'yyyy-mm-dd HH24:MI:SS'),'','','','');
INSERT INTO operacionTabla_p2 (contador,tipo,fechahora,corigen,cdestino,sucursal,concepto) VALUES (37,'',TO_DATE('2005-06-06 00:40:00', 'yyyy-mm-dd HH24:MI:SS'),'','','','');
INSERT INTO operacionTabla_p2 (contador,tipo,fechahora,corigen,cdestino,sucursal,concepto) VALUES (38,'',TO_DATE('2014-03-08 01:31:00', 'yyyy-mm-dd HH24:MI:SS'),'','','','');
INSERT INTO operacionTabla_p2 (contador,tipo,fechahora,corigen,cdestino,sucursal,concepto) VALUES (39,'',TO_DATE('2011-07-06 19:05:00', 'yyyy-mm-dd HH24:MI:SS'),'','','','');
INSERT INTO operacionTabla_p2 (contador,tipo,fechahora,corigen,cdestino,sucursal,concepto) VALUES (40,'',TO_DATE('2013-05-18 21:45:00', 'yyyy-mm-dd HH24:MI:SS'),'','','','');
INSERT INTO operacionTabla_p2 (contador,tipo,fechahora,corigen,cdestino,sucursal,concepto) VALUES (41,'',TO_DATE('2012-12-14 14:05:00', 'yyyy-mm-dd HH24:MI:SS'),'','','','');
INSERT INTO operacionTabla_p2 (contador,tipo,fechahora,corigen,cdestino,sucursal,concepto) VALUES (42,'',TO_DATE('2014-04-18 12:33:00', 'yyyy-mm-dd HH24:MI:SS'),'','','','');
INSERT INTO operacionTabla_p2 (contador,tipo,fechahora,corigen,cdestino,sucursal,concepto) VALUES (43,'',TO_DATE('2014-11-04 18:03:00', 'yyyy-mm-dd HH24:MI:SS'),'','','','');
INSERT INTO operacionTabla_p2 (contador,tipo,fechahora,corigen,cdestino,sucursal,concepto) VALUES (44,'',TO_DATE('2014-08-21 22:40:00', 'yyyy-mm-dd HH24:MI:SS'),'','','','');
INSERT INTO operacionTabla_p2 (contador,tipo,fechahora,corigen,cdestino,sucursal,concepto) VALUES (45,'',TO_DATE('2011-11-29 02:40:00', 'yyyy-mm-dd HH24:MI:SS'),'','','','');
INSERT INTO operacionTabla_p2 (contador,tipo,fechahora,corigen,cdestino,sucursal,concepto) VALUES (46,'',TO_DATE('2007-09-21 00:43:00', 'yyyy-mm-dd HH24:MI:SS'),'','','','');
INSERT INTO operacionTabla_p2 (contador,tipo,fechahora,corigen,cdestino,sucursal,concepto) VALUES (47,'',TO_DATE('2009-12-03 04:00:00', 'yyyy-mm-dd HH24:MI:SS'),'','','','');
INSERT INTO operacionTabla_p2 (contador,tipo,fechahora,corigen,cdestino,sucursal,concepto) VALUES (48,'',TO_DATE('2009-04-01 04:47:00', 'yyyy-mm-dd HH24:MI:SS'),'','','','');
INSERT INTO operacionTabla_p2 (contador,tipo,fechahora,corigen,cdestino,sucursal,concepto) VALUES (49,'',TO_DATE('2006-11-30 19:54:00', 'yyyy-mm-dd HH24:MI:SS'),'','','','');
INSERT INTO operacionTabla_p2 (contador,tipo,fechahora,corigen,cdestino,sucursal,concepto) VALUES (50,'',TO_DATE('2012-05-13 21:12:00', 'yyyy-mm-dd HH24:MI:SS'),'','','','');
INSERT INTO operacionTabla_p2 (contador,tipo,fechahora,corigen,cdestino,sucursal,concepto) VALUES (51,'',TO_DATE('2015-09-18 23:49:00', 'yyyy-mm-dd HH24:MI:SS'),'','','','');
INSERT INTO operacionTabla_p2 (contador,tipo,fechahora,corigen,cdestino,sucursal,concepto) VALUES (52,'',TO_DATE('2010-03-27 22:16:00', 'yyyy-mm-dd HH24:MI:SS'),'','','','');
INSERT INTO operacionTabla_p2 (contador,tipo,fechahora,corigen,cdestino,sucursal,concepto) VALUES (53,'',TO_DATE('2007-07-16 09:25:00', 'yyyy-mm-dd HH24:MI:SS'),'','','','');
INSERT INTO operacionTabla_p2 (contador,tipo,fechahora,corigen,cdestino,sucursal,concepto) VALUES (54,'',TO_DATE('2015-03-04 04:12:00', 'yyyy-mm-dd HH24:MI:SS'),'','','','');
INSERT INTO operacionTabla_p2 (contador,tipo,fechahora,corigen,cdestino,sucursal,concepto) VALUES (55,'',TO_DATE('2007-04-30 20:31:00', 'yyyy-mm-dd HH24:MI:SS'),'','','','');
INSERT INTO operacionTabla_p2 (contador,tipo,fechahora,corigen,cdestino,sucursal,concepto) VALUES (56,'',TO_DATE('2011-01-28 12:36:00', 'yyyy-mm-dd HH24:MI:SS'),'','','','');
INSERT INTO operacionTabla_p2 (contador,tipo,fechahora,corigen,cdestino,sucursal,concepto) VALUES (57,'',TO_DATE('2010-01-01 10:13:00', 'yyyy-mm-dd HH24:MI:SS'),'','','','');
INSERT INTO operacionTabla_p2 (contador,tipo,fechahora,corigen,cdestino,sucursal,concepto) VALUES (58,'',TO_DATE('2008-07-08 21:48:00', 'yyyy-mm-dd HH24:MI:SS'),'','','','');
INSERT INTO operacionTabla_p2 (contador,tipo,fechahora,corigen,cdestino,sucursal,concepto) VALUES (59,'',TO_DATE('2008-05-21 17:02:00', 'yyyy-mm-dd HH24:MI:SS'),'','','','');
INSERT INTO operacionTabla_p2 (contador,tipo,fechahora,corigen,cdestino,sucursal,concepto) VALUES (60,'',TO_DATE('2007-03-09 17:28:00', 'yyyy-mm-dd HH24:MI:SS'),'','','','');
INSERT INTO operacionTabla_p2 (contador,tipo,fechahora,corigen,cdestino,sucursal,concepto) VALUES (61,'',TO_DATE('2010-05-04 21:27:00', 'yyyy-mm-dd HH24:MI:SS'),'','','','');
INSERT INTO operacionTabla_p2 (contador,tipo,fechahora,corigen,cdestino,sucursal,concepto) VALUES (62,'',TO_DATE('2013-06-21 09:49:00', 'yyyy-mm-dd HH24:MI:SS'),'','','','');
INSERT INTO operacionTabla_p2 (contador,tipo,fechahora,corigen,cdestino,sucursal,concepto) VALUES (63,'',TO_DATE('2013-12-20 02:58:00', 'yyyy-mm-dd HH24:MI:SS'),'','','','');
INSERT INTO operacionTabla_p2 (contador,tipo,fechahora,corigen,cdestino,sucursal,concepto) VALUES (64,'',TO_DATE('2012-07-19 12:17:00', 'yyyy-mm-dd HH24:MI:SS'),'','','','');
INSERT INTO operacionTabla_p2 (contador,tipo,fechahora,corigen,cdestino,sucursal,concepto) VALUES (65,'',TO_DATE('2008-08-04 15:06:00', 'yyyy-mm-dd HH24:MI:SS'),'','','','');
INSERT INTO operacionTabla_p2 (contador,tipo,fechahora,corigen,cdestino,sucursal,concepto) VALUES (66,'',TO_DATE('2007-06-13 11:08:00', 'yyyy-mm-dd HH24:MI:SS'),'','','','');
INSERT INTO operacionTabla_p2 (contador,tipo,fechahora,corigen,cdestino,sucursal,concepto) VALUES (67,'',TO_DATE('2015-04-03 16:47:00', 'yyyy-mm-dd HH24:MI:SS'),'','','','');
INSERT INTO operacionTabla_p2 (contador,tipo,fechahora,corigen,cdestino,sucursal,concepto) VALUES (68,'',TO_DATE('2007-02-03 11:31:00', 'yyyy-mm-dd HH24:MI:SS'),'','','','');
INSERT INTO operacionTabla_p2 (contador,tipo,fechahora,corigen,cdestino,sucursal,concepto) VALUES (69,'',TO_DATE('2013-05-03 14:52:00', 'yyyy-mm-dd HH24:MI:SS'),'','','','');
INSERT INTO operacionTabla_p2 (contador,tipo,fechahora,corigen,cdestino,sucursal,concepto) VALUES (70,'',TO_DATE('2015-06-19 23:50:00', 'yyyy-mm-dd HH24:MI:SS'),'','','','');
INSERT INTO operacionTabla_p2 (contador,tipo,fechahora,corigen,cdestino,sucursal,concepto) VALUES (71,'',TO_DATE('2007-09-06 05:40:00', 'yyyy-mm-dd HH24:MI:SS'),'','','','');
INSERT INTO operacionTabla_p2 (contador,tipo,fechahora,corigen,cdestino,sucursal,concepto) VALUES (72,'',TO_DATE('2005-12-13 22:11:00', 'yyyy-mm-dd HH24:MI:SS'),'','','','');
INSERT INTO operacionTabla_p2 (contador,tipo,fechahora,corigen,cdestino,sucursal,concepto) VALUES (73,'',TO_DATE('2011-03-06 07:34:00', 'yyyy-mm-dd HH24:MI:SS'),'','','','');
INSERT INTO operacionTabla_p2 (contador,tipo,fechahora,corigen,cdestino,sucursal,concepto) VALUES (74,'',TO_DATE('2007-11-30 07:47:00', 'yyyy-mm-dd HH24:MI:SS'),'','','','');
INSERT INTO operacionTabla_p2 (contador,tipo,fechahora,corigen,cdestino,sucursal,concepto) VALUES (75,'',TO_DATE('2015-08-15 10:15:00', 'yyyy-mm-dd HH24:MI:SS'),'','','','');
INSERT INTO operacionTabla_p2 (contador,tipo,fechahora,corigen,cdestino,sucursal,concepto) VALUES (76,'',TO_DATE('2014-03-02 12:31:00', 'yyyy-mm-dd HH24:MI:SS'),'','','','');
INSERT INTO operacionTabla_p2 (contador,tipo,fechahora,corigen,cdestino,sucursal,concepto) VALUES (77,'',TO_DATE('2015-10-25 22:26:00', 'yyyy-mm-dd HH24:MI:SS'),'','','','');
INSERT INTO operacionTabla_p2 (contador,tipo,fechahora,corigen,cdestino,sucursal,concepto) VALUES (78,'',TO_DATE('2006-09-03 21:14:00', 'yyyy-mm-dd HH24:MI:SS'),'','','','');
INSERT INTO operacionTabla_p2 (contador,tipo,fechahora,corigen,cdestino,sucursal,concepto) VALUES (79,'',TO_DATE('2015-11-01 00:09:00', 'yyyy-mm-dd HH24:MI:SS'),'','','','');
INSERT INTO operacionTabla_p2 (contador,tipo,fechahora,corigen,cdestino,sucursal,concepto) VALUES (80,'',TO_DATE('2014-06-19 09:55:00', 'yyyy-mm-dd HH24:MI:SS'),'','','','');
INSERT INTO operacionTabla_p2 (contador,tipo,fechahora,corigen,cdestino,sucursal,concepto) VALUES (81,'',TO_DATE('2015-03-29 20:13:00', 'yyyy-mm-dd HH24:MI:SS'),'','','','');
INSERT INTO operacionTabla_p2 (contador,tipo,fechahora,corigen,cdestino,sucursal,concepto) VALUES (82,'',TO_DATE('2010-06-07 10:10:00', 'yyyy-mm-dd HH24:MI:SS'),'','','','');
INSERT INTO operacionTabla_p2 (contador,tipo,fechahora,corigen,cdestino,sucursal,concepto) VALUES (83,'',TO_DATE('2005-03-25 21:16:00', 'yyyy-mm-dd HH24:MI:SS'),'','','','');
INSERT INTO operacionTabla_p2 (contador,tipo,fechahora,corigen,cdestino,sucursal,concepto) VALUES (84,'',TO_DATE('2010-04-21 15:03:00', 'yyyy-mm-dd HH24:MI:SS'),'','','','');
INSERT INTO operacionTabla_p2 (contador,tipo,fechahora,corigen,cdestino,sucursal,concepto) VALUES (85,'',TO_DATE('2014-01-11 02:11:00', 'yyyy-mm-dd HH24:MI:SS'),'','','','');
INSERT INTO operacionTabla_p2 (contador,tipo,fechahora,corigen,cdestino,sucursal,concepto) VALUES (86,'',TO_DATE('2013-03-13 19:58:00', 'yyyy-mm-dd HH24:MI:SS'),'','','','');
INSERT INTO operacionTabla_p2 (contador,tipo,fechahora,corigen,cdestino,sucursal,concepto) VALUES (87,'',TO_DATE('2007-01-09 18:54:00', 'yyyy-mm-dd HH24:MI:SS'),'','','','');
INSERT INTO operacionTabla_p2 (contador,tipo,fechahora,corigen,cdestino,sucursal,concepto) VALUES (88,'',TO_DATE('2007-03-15 00:44:00', 'yyyy-mm-dd HH24:MI:SS'),'','','','');
INSERT INTO operacionTabla_p2 (contador,tipo,fechahora,corigen,cdestino,sucursal,concepto) VALUES (89,'',TO_DATE('2006-04-28 11:10:00', 'yyyy-mm-dd HH24:MI:SS'),'','','','');
INSERT INTO operacionTabla_p2 (contador,tipo,fechahora,corigen,cdestino,sucursal,concepto) VALUES (90,'',TO_DATE('2011-04-11 17:41:00', 'yyyy-mm-dd HH24:MI:SS'),'','','','');
INSERT INTO operacionTabla_p2 (contador,tipo,fechahora,corigen,cdestino,sucursal,concepto) VALUES (91,'',TO_DATE('2013-06-29 12:32:00', 'yyyy-mm-dd HH24:MI:SS'),'','','','');
INSERT INTO operacionTabla_p2 (contador,tipo,fechahora,corigen,cdestino,sucursal,concepto) VALUES (92,'',TO_DATE('2006-02-26 11:25:00', 'yyyy-mm-dd HH24:MI:SS'),'','','','');
INSERT INTO operacionTabla_p2 (contador,tipo,fechahora,corigen,cdestino,sucursal,concepto) VALUES (93,'',TO_DATE('2010-08-11 14:39:00', 'yyyy-mm-dd HH24:MI:SS'),'','','','');
INSERT INTO operacionTabla_p2 (contador,tipo,fechahora,corigen,cdestino,sucursal,concepto) VALUES (94,'',TO_DATE('2012-05-21 20:53:00', 'yyyy-mm-dd HH24:MI:SS'),'','','','');
INSERT INTO operacionTabla_p2 (contador,tipo,fechahora,corigen,cdestino,sucursal,concepto) VALUES (95,'',TO_DATE('2006-11-05 07:57:00', 'yyyy-mm-dd HH24:MI:SS'),'','','','');
INSERT INTO operacionTabla_p2 (contador,tipo,fechahora,corigen,cdestino,sucursal,concepto) VALUES (96,'',TO_DATE('2006-12-21 00:13:00', 'yyyy-mm-dd HH24:MI:SS'),'','','','');
INSERT INTO operacionTabla_p2 (contador,tipo,fechahora,corigen,cdestino,sucursal,concepto) VALUES (97,'',TO_DATE('2013-05-17 02:37:00', 'yyyy-mm-dd HH24:MI:SS'),'','','','');
INSERT INTO operacionTabla_p2 (contador,tipo,fechahora,corigen,cdestino,sucursal,concepto) VALUES (98,'',TO_DATE('2015-10-27 14:37:00', 'yyyy-mm-dd HH24:MI:SS'),'','','','');
INSERT INTO operacionTabla_p2 (contador,tipo,fechahora,corigen,cdestino,sucursal,concepto) VALUES (99,'',TO_DATE('2006-05-20 14:23:00', 'yyyy-mm-dd HH24:MI:SS'),'','','','');
INSERT INTO operacionTabla_p2 (contador,tipo,fechahora,corigen,cdestino,sucursal,concepto) VALUES (100,'',TO_DATE('2007-09-29 21:25:00', 'yyyy-mm-dd HH24:MI:SS'),'','','','');

/* Tabla tiene_p1 */
/*
INSERT INTO tiene_p2 (IBAN,dni) VALUES ('FP33730958577227579078926552917807','31168350Y');
INSERT INTO tiene_p2 (IBAN,dni) VALUES ('JI40453364997466550044235348213144','92141555M');
INSERT INTO tiene_p2 (IBAN,dni) VALUES ('HL76676038213950241779936041435785','38331046C');
INSERT INTO tiene_p2 (IBAN,dni) VALUES ('BD19607765245983312200917823690887','77927535U');
INSERT INTO tiene_p2 (IBAN,dni) VALUES ('HR80011754363760623558518621971359','75814109T');
INSERT INTO tiene_p2 (IBAN,dni) VALUES ('TC21975092033903028935377885821921','88709936O');
INSERT INTO tiene_p2 (IBAN,dni) VALUES ('RJ82870931752843605801348664024434','43117428J');
INSERT INTO tiene_p2 (IBAN,dni) VALUES ('OR88691482977841194690319235692353','35117554Q');
INSERT INTO tiene_p2 (IBAN,dni) VALUES ('OA95633548864133819790922760765435','54136748M');
INSERT INTO tiene_p2 (IBAN,dni) VALUES ('BI93137422139573451319199350680286','83145806D');
INSERT INTO tiene_p2 (IBAN,dni) VALUES ('VX49974070678271238458117005418174','35500342P');
INSERT INTO tiene_p2 (IBAN,dni) VALUES ('EO98500155929072427788207743122255','47171447R');
INSERT INTO tiene_p2 (IBAN,dni) VALUES ('PE02267316774640124817561016121571','39897410T');
INSERT INTO tiene_p2 (IBAN,dni) VALUES ('MC34720153034518480223567180403259','82545668W');
INSERT INTO tiene_p2 (IBAN,dni) VALUES ('II19860669879734995631145967201418','77863158P');
INSERT INTO tiene_p2 (IBAN,dni) VALUES ('WR03493457992206687764115095160218','18093847G');
INSERT INTO tiene_p2 (IBAN,dni) VALUES ('CZ11209217849850715441903620157354','17791361N');
INSERT INTO tiene_p2 (IBAN,dni) VALUES ('AR32595816696735123283490230286479','68163525V');
INSERT INTO tiene_p2 (IBAN,dni) VALUES ('PA57877801854929214196122747132446','93953253G');
INSERT INTO tiene_p2 (IBAN,dni) VALUES ('AG22068521770637896137627734009238','30135317S');
*/