-- Usuario
INSERT INTO usuarioTabla_p3 VALUES ('31168350Y','Naida','Ayala',81,'2817 Dictum. C.','et.netus@dolorDonecfringilla.edu','23980911','{FP33730958577227579078926552917807,BI93137422139573451319199350680286}');
INSERT INTO usuarioTabla_p3 VALUES ('92141555M','Bruno','Stewart',89,'Apartado núm.: 183, 7005 Praesent Ctra.','libero.Integer.in@Cumsociisnatoque.org','89316763','{JI40453364997466550044235348213144,WL20881903893391450526693915360220}');
INSERT INTO usuarioTabla_p3 VALUES ('38331046C','Otto','Frederick',97,'Apdo.:822-776 Sed, Avenida','senectus@velit.co.uk','17481518','{HL76676038213950241779936041435785,OR88691482977841194690319235692353}');
INSERT INTO usuarioTabla_p3 VALUES ('77927535U','Cara','Sanford',38,'828-2547 Lorem Calle','facilisis.non@sagittis.org','82656233','{BD19607765245983312200917823690887,NY32322508338458522212255405176655}');
INSERT INTO usuarioTabla_p3 VALUES ('75814109T','Caleb','Acosta',20,'Apdo.:579-3498 Dictum. Carretera','vulputate.ullamcorper.magna@tinciduntvehicula.co.uk','29678740','{HR80011754363760623558518621971359,TC21975092033903028935377885821921}');
INSERT INTO usuarioTabla_p3 VALUES ('88709936O','Megan','Fulton',21,'Apdo.:152-9606 Nec, C/','pede@ultriciesornare.co.uk','90782401','{TC21975092033903028935377885821921,HR80011754363760623558518621971359,PF95812037075358869290733997999561}');
INSERT INTO usuarioTabla_p3 VALUES ('43117428J','Hannah','Ford',65,'Apartado núm.: 937, 445 Semper C.','Phasellus.elit.pede@lectusCum.org','28939847','{RJ82870931752843605801348664024434,NA82264457381598741989494683817690}');
INSERT INTO usuarioTabla_p3 VALUES ('35117554Q','Carl','Fowler',36,'321-5349 Vulputate C.','Proin@arcuimperdiet.net','41419586','{OR88691482977841194690319235692353,HL76676038213950241779936041435785}');
INSERT INTO usuarioTabla_p3 VALUES ('54136748M','Harding','Franks',71,'935-8589 A Avenida','mi.Aliquam.gravida@lacusUt.net','12146367','{OA95633548864133819790922760765435}');
INSERT INTO usuarioTabla_p3 VALUES ('83145806D','Shoshana','Joyce',90,'880-3394 In Carretera','Mauris.eu.turpis@augueacipsum.org','21548203','{BI93137422139573451319199350680286}');
INSERT INTO usuarioTabla_p3 VALUES ('35500342P','Hamilton','Mcgowan',99,'Apartado núm.: 647, 190 Velit ','ipsum.ac@Vivamus.org','42160395','{VX49974070678271238458117005418174}');
INSERT INTO usuarioTabla_p3 VALUES ('47171447R','Briar','Franks',83,'Apdo.:952-8344 Malesuada Carretera','et.rutrum@commodoatlibero.net','26983897','{EO98500155929072427788207743122255}');
INSERT INTO usuarioTabla_p3 VALUES ('39897410T','Xenos','Calderon',20,'603 In C.','gravida@egetipsumDonec.org','10614294','{PE02267316774640124817561016121571}');
INSERT INTO usuarioTabla_p3 VALUES ('82545668W','Julian','Clements',33,'455-4836 Ante. C.','Fusce.dolor@sedfacilisis.edu','72347342','{MC34720153034518480223567180403259}');
INSERT INTO usuarioTabla_p3 VALUES ('77863158P','Leilani','Barnett',75,'888-9110 Urna. Avda.','eleifend.nec@sociis.co.uk','30916976','{II19860669879734995631145967201418}');
INSERT INTO usuarioTabla_p3 VALUES ('18093847G','Jenette','Sims',61,'Apdo.:436-8148 Euismod Calle','turpis@Donec.ca','92648598','{WR03493457992206687764115095160218}');
INSERT INTO usuarioTabla_p3 VALUES ('17791361N','Dieter','Knapp',62,'Apdo.:789-6964 Vestibulum Ctra.','Cras.convallis.convallis@pedemalesuadavel.edu','53376837','{CZ11209217849850715441903620157354}');
INSERT INTO usuarioTabla_p3 VALUES ('68163525V','Garrison','Vaughn',59,'Apdo.:335-159 Metus Calle','sed@quamdignissimpharetra.org','82503747','{AR32595816696735123283490230286479}');
INSERT INTO usuarioTabla_p3 VALUES ('93953253G','Barry','Vincent',51,'Apdo.:762-8794 Sodales C/','Cras@velturpisAliquam.ca','16829915','{PA57877801854929214196122747132446}');
INSERT INTO usuarioTabla_p3 VALUES ('30135317S','Christine','Howell',85,'Apartado núm.: 537, 7494 Eros Avda.','at@auctorodio.com','29147595','{BY10087113578567912692979144432606,AG22068521770637896137627734009238}');
INSERT INTO usuarioTabla_p3  VALUES ('72576823K','Louis','Houston',59,'Apdo.:803-6635 Donec C/','accumsan.neque.et@semvitaealiquam.co.uk','80199550',NULL);
INSERT INTO usuarioTabla_p3  VALUES ('12144469Z','Lacota','Drake',68,'977-9667 Sed Avda.','dignissim.magna@elitpretium.org','58438109',NULL);
INSERT INTO usuarioTabla_p3  VALUES ('23437337B','Zeus','Bell',32,'8086 Sit Calle','porttitor@mattis.org','23894777',NULL);
INSERT INTO usuarioTabla_p3  VALUES ('03797706D','Alexis','Suarez',84,'6601 Mollis. Avda.','auctor.velit.eget@blanditNam.net','12371319',NULL);
INSERT INTO usuarioTabla_p3  VALUES ('49725874Z','Thane','Randolph',19,'918-4559 Sit Avda.','magna@liberoProinmi.ca','87844028',NULL);
INSERT INTO usuarioTabla_p3  VALUES ('98134017D','Stewart','Collins',76,'Apartado núm.: 520, 291 Lorem Av.','dolor.Quisque@nislarcuiaculis.org','10869113',NULL);
INSERT INTO usuarioTabla_p3  VALUES ('10981441V','Rana','Pittman',60,'4926 Dolor, Ctra.','in.dolor@Quisquevarius.co.uk','74881211',NULL);
INSERT INTO usuarioTabla_p3  VALUES ('47386336M','Elijah','Little',88,'746-1651 Ac Ctra.','gravida@adipiscingelitAliquam.ca','68760648',NULL);
INSERT INTO usuarioTabla_p3  VALUES ('63031612B','Aubrey','Villarreal',76,'Apdo.:155-4141 Cursus Av.','vehicula.et@primisin.co.uk','14199793',NULL);
INSERT INTO usuarioTabla_p3  VALUES ('75528204X','Hunter','Wise',46,'639-3275 Dui Carretera','nibh@nonmagna.ca','12309898',NULL);
INSERT INTO usuarioTabla_p3  VALUES ('97303900N','Martin','Herrera',83,'Apdo.:584-4475 Ridiculus Avda.','odio.Nam.interdum@leoCras.net','69641263',NULL);
INSERT INTO usuarioTabla_p3  VALUES ('93447059L','Erin','Hebert',68,'881-1247 Et Carretera','Aenean.eget@mifringilla.edu','46403076',NULL);
INSERT INTO usuarioTabla_p3  VALUES ('12100825A','Isaiah','Britt',24,'373-1392 Posuere, Av.','lorem@adlitoratorquent.edu','94145503',NULL);
INSERT INTO usuarioTabla_p3  VALUES ('39405336I','Stacey','Wiley',77,'Apartado núm.: 708, 4596 Montes, Ctra.','lorem.vitae.odio@odio.edu','88937008',NULL);
INSERT INTO usuarioTabla_p3  VALUES ('27833423Z','Sharon','Whitney',78,'Apartado núm.: 488, 6733 Donec C/','eget.volutpat@tellus.co.uk','26309864',NULL);
INSERT INTO usuarioTabla_p3  VALUES ('14303253H','Adrian','Barry',61,'414-3231 Varius Calle','nec.eleifend.non@Proinnon.ca','17985255',NULL);
INSERT INTO usuarioTabla_p3  VALUES ('76143929F','Virginia','Bailey',60,'Apartado núm.: 530, 2383 Cubilia Avda.','Nulla.eu@rutrumnon.org','77727615',NULL);
INSERT INTO usuarioTabla_p3  VALUES ('50891847J','Noah','Cooke',30,'868 Nibh. C/','enim.Curabitur.massa@scelerisque.net','92680671',NULL);
INSERT INTO usuarioTabla_p3  VALUES ('25409886I','Kyle','Whitehead',29,'1040 Sit ','neque@facilisis.edu','51932384',NULL);
INSERT INTO usuarioTabla_p3  VALUES ('63909981H','Carla','Stevens',53,'Apdo.:446-2015 Vestibulum. Avenida','diam@dictumultriciesligula.co.uk','93254675',NULL);
INSERT INTO usuarioTabla_p3  VALUES ('76471511J','Kylan','Hodge',85,'245-8199 At Carretera','amet@nislQuisquefringilla.ca','38863315',NULL);
INSERT INTO usuarioTabla_p3  VALUES ('32988101Y','Sade','William',35,'236-6144 Imperdiet Avda.','hendrerit.neque.In@maurisipsumporta.edu','80475381',NULL);
INSERT INTO usuarioTabla_p3  VALUES ('68673043Z','Jennifer','Newton',66,'8899 Lorem, Av.','iaculis@Aliquam.net','42229825',NULL);
INSERT INTO usuarioTabla_p3  VALUES ('49295372N','Dante','Watson',49,'423-1913 Eu Ctra.','Mauris@utdolordapibus.edu','79458273',NULL);
INSERT INTO usuarioTabla_p3  VALUES ('90979900B','Casey','Fisher',75,'Apdo.:585-8624 Est. ','nulla.at@amet.net','38182395',NULL);
INSERT INTO usuarioTabla_p3  VALUES ('79564421E','Barry','Higgins',30,'Apdo.:870-7766 Urna C.','risus@ametconsectetuer.ca','87945347',NULL);
INSERT INTO usuarioTabla_p3  VALUES ('31221494M','Reuben','Ellison',69,'273-842 Cras Avda.','dui.lectus@pedeCumsociis.net','17698360',NULL);
INSERT INTO usuarioTabla_p3  VALUES ('65614951X','Charlotte','Moody',30,'2123 Orci ','diam.vel@MaurismagnaDuis.edu','65534045',NULL);
INSERT INTO usuarioTabla_p3  VALUES ('20222669G','Indigo','Burris',66,'Apdo.:972-1845 Risus, Carretera','nec.urna@felisegetvarius.ca','85778201',NULL);
INSERT INTO usuarioTabla_p3  VALUES ('21577440Q','Inga','Mathews',77,'5530 Lacus. Calle','enim.condimentum@aliquamiaculis.net','18395395',NULL);
INSERT INTO usuarioTabla_p3  VALUES ('77891270X','Savannah','Jarvis',36,'Apartado núm.: 338, 9073 Eget Av.','egestas.hendrerit.neque@Pellentesque.net','63607447',NULL);
INSERT INTO usuarioTabla_p3  VALUES ('23872604V','Hedwig','Day',41,'286-5159 Mauris. Av.','sed.orci.lobortis@Suspendisseacmetus.edu','18496414',NULL);
INSERT INTO usuarioTabla_p3  VALUES ('75253819W','Ursa','Whitaker',91,'3138 Lobortis Carretera','pede.nec@etrutrumeu.ca','50330336',NULL);
INSERT INTO usuarioTabla_p3  VALUES ('70043533H','Jerry','Carney',36,'Apartado núm.: 839, 1782 Magna C/','et.nunc@sitametmassa.org','14473027',NULL);
INSERT INTO usuarioTabla_p3  VALUES ('23626725D','Kirestin','Lawrence',75,'715-9276 Eu Avenida','diam.Duis@sempereratin.edu','14501979',NULL);
INSERT INTO usuarioTabla_p3  VALUES ('61382122I','Winifred','Ortega',33,'1321 Quis C/','lectus@aceleifend.org','44969650',NULL);
INSERT INTO usuarioTabla_p3  VALUES ('25126298D','Burke','Bass',73,'Apartado núm.: 639, 5913 Quam ','pellentesque.massa.lobortis@Quisquepurussapien.edu','25424883',NULL);
INSERT INTO usuarioTabla_p3  VALUES ('22194908N','Jasmine','Delacruz',30,'Apartado núm.: 416, 6347 Tempus C.','diam@Morbi.edu','34966081',NULL);
INSERT INTO usuarioTabla_p3  VALUES ('87501370K','Briar','Sweet',18,'270-8870 Velit ','Suspendisse.aliquet.sem@orciluctuset.edu','31535747',NULL);
INSERT INTO usuarioTabla_p3  VALUES ('57670909V','Dennis','Avila',40,'Apdo.:430-3864 Quis Ctra.','Aliquam.ornare.libero@seddui.ca','61228584',NULL);
INSERT INTO usuarioTabla_p3  VALUES ('59266254I','Urielle','Reyes',24,'6709 Facilisi. C/','viverra.Maecenas@mollisneccursus.org','86456180',NULL);
INSERT INTO usuarioTabla_p3  VALUES ('71056385F','Ella','Chen',99,'Apartado núm.: 520, 6796 Eu Carretera','et@eu.net','46737107',NULL);
INSERT INTO usuarioTabla_p3  VALUES ('94059211M','Jenette','Monroe',90,'7352 Laoreet, Avda.','urna.suscipit.nonummy@facilisisfacilisismagna.ca','61406530',NULL);

-- Cuenta
INSERT INTO cuentaTabla_p3  VALUES ('WL20881903893391450526693915360220','VX531536933708406882147414',TO_DATE('2015-09-02', 'yyyy-mm-dd'),'912.00','{11,12,13,14,15,16,17,18,19,20,21,22,23,24}');
INSERT INTO cuentaTabla_p3  VALUES ('NY32322508338458522212255405176655','RR826595373156207313455541',TO_DATE('2015-08-31', 'yyyy-mm-dd'),'177.00');
INSERT INTO cuentaTabla_p3  VALUES ('PF95812037075358869290733997999561','PK846216889247910450214543',TO_DATE('2015-05-08', 'yyyy-mm-dd'),'628.00',NULL);
INSERT INTO cuentaTabla_p3  VALUES ('NA82264457381598741989494683817690','GM079750915370909510351058',TO_DATE('2016-10-02', 'yyyy-mm-dd'),'1013.00');
INSERT INTO cuentaTabla_p3  VALUES ('BY10087113578567912692979144432606','DA442510510273806814083072',TO_DATE('2015-05-14', 'yyyy-mm-dd'),'1559.00','{27,28,29,30,31,32,33,34,35,36,37,38,39,40}');
INSERT INTO cuentaTabla_p3  VALUES ('FP33730958577227579078926552917807','ZP918886081013488002618758',TO_DATE('2016-03-03', 'yyyy-mm-dd'),'11.58','{1,2,3,4,5,6,7,8,9,10}');
INSERT INTO cuentaTabla_p3 VALUES ('JI40453364997466550044235348213144','TL198715503499491378322716',TO_DATE('2016-08-17', 'yyyy-mm-dd'),'1412.00','{1,2,3,4,5,6,7,8,9,10}');
INSERT INTO cuentaTabla_p3  VALUES ('BI93137422139573451319199350680286','EE299356485493716017660928',TO_DATE('2016-05-26', 'yyyy-mm-dd'),'755.00',NULL);
INSERT INTO cuentaTabla_p3  VALUES ('HL76676038213950241779936041435785','PG652702401877598541560408',TO_DATE('2015-03-07', 'yyyy-mm-dd'),'244.00',NULL);
INSERT INTO cuentaTabla_p3  VALUES ('OR88691482977841194690319235692353','QT312136665216734233119162',TO_DATE('2016-11-07', 'yyyy-mm-dd'),'1749.00',NULL);
INSERT INTO cuentaTabla_p3  VALUES ('BD19607765245983312200917823690887','YE869232102933034067936432',TO_DATE('2015-07-25', 'yyyy-mm-dd'),'1833.00',NULL);
INSERT INTO cuentaTabla_p3  VALUES ('TC21975092033903028935377885821921','HR037014073555255719289233',TO_DATE('2015-04-06', 'yyyy-mm-dd'),'106.00',NULL);
INSERT INTO cuentaTabla_p3  VALUES ('HR80011754363760623558518621971359','HJ971697288847463286863263',TO_DATE('2016-06-01', 'yyyy-mm-dd'),'144.00',NULL);
INSERT INTO cuentaTabla_p3  VALUES ('RJ82870931752843605801348664024434','SB526752601132090401954533',TO_DATE('2017-01-07', 'yyyy-mm-dd'),'48.804',NULL);
INSERT INTO cuentaTabla_p3  VALUES ('OA95633548864133819790922760765435','FJ286614168064820794516468',TO_DATE('2016-06-11', 'yyyy-mm-dd'),'1051.00',NULL);
INSERT INTO cuentaTabla_p3  VALUES ('VX49974070678271238458117005418174','GZ432666518927849895424020',TO_DATE('2015-12-03', 'yyyy-mm-dd'),'1201.00','{11,12,13,14,15,16,17,18,19,20,21,22,23,24,24,26}');
INSERT INTO cuentaTabla_p3  VALUES ('EO98500155929072427788207743122255','VL496402362803874524565269',TO_DATE('2016-04-28', 'yyyy-mm-dd'),'1571.00',NULL);
INSERT INTO cuentaTabla_p3  VALUES ('PE02267316774640124817561016121571','ZD453142449199799701677112',TO_DATE('2016-11-29', 'yyyy-mm-dd'),'1306.00',NULL);
INSERT INTO cuentaTabla_p3  VALUES ('MC34720153034518480223567180403259','GG922143906581198355966864',TO_DATE('2015-04-09', 'yyyy-mm-dd'),'105.00',NULL);
INSERT INTO cuentaTabla_p3  VALUES ('II19860669879734995631145967201418','PJ756750701024185226709392',TO_DATE('2016-04-28', 'yyyy-mm-dd'),'1190.00',NULL);
INSERT INTO cuentaTabla_p3  VALUES ('WR03493457992206687764115095160218','IC118308343326727962867448',TO_DATE('2015-03-22', 'yyyy-mm-dd'),'1815.00',NULL);
INSERT INTO cuentaTabla_p3  VALUES ('CZ11209217849850715441903620157354','SS239129970185176003543174',TO_DATE('2016-11-07', 'yyyy-mm-dd'),'1556.00',NULL);
INSERT INTO cuentaTabla_p3  VALUES ('AR32595816696735123283490230286479','WK064201260459574786685201',TO_DATE('2015-12-31', 'yyyy-mm-dd'),'832.00','{41,42,43,44,45,46,47,48,49,50,51,52,53,54,55}');
INSERT INTO cuentaTabla_p3  VALUES ('PA57877801854929214196122747132446','RD552668092213034380759678',TO_DATE('2016-03-15', 'yyyy-mm-dd'),'1067.00',NULL);
INSERT INTO cuentaTabla_p3  VALUES ('AG22068521770637896137627734009238','ZI551737991879785552530525',TO_DATE('2015-07-26', 'yyyy-mm-dd'),'937.00',NULL);

INSERT INTO cuentaAhorroTabla_p3 (iban,interes,dia) VALUES ('FP33730958577227579078926552917807','2.00','10');
INSERT INTO cuentaAhorroTabla_p3 (iban,interes,dia) VALUES ('JI40453364997466550044235348213144','3.00','1');
INSERT INTO cuentaAhorroTabla_p3 (iban,interes,dia) VALUES ('BI93137422139573451319199350680286','3.00','22');
INSERT INTO cuentaAhorroTabla_p3 (iban,interes,dia) VALUES ('HL76676038213950241779936041435785','2.00','31');
INSERT INTO cuentaAhorroTabla_p3 (iban,interes,dia) VALUES ('OR88691482977841194690319235692353','2.00','22');
INSERT INTO cuentaAhorroTabla_p3 (iban,interes,dia) VALUES ('BD19607765245983312200917823690887','2.00','28');
INSERT INTO cuentaAhorroTabla_p3 (iban,interes,dia) VALUES ('TC21975092033903028935377885821921','3.00','22');
INSERT INTO cuentaAhorroTabla_p3 (iban,interes,dia) VALUES ('HR80011754363760623558518621971359','1.00','25');
INSERT INTO cuentaAhorroTabla_p3 (iban,interes,dia) VALUES ('RJ82870931752843605801348664024434','2.00','12');
INSERT INTO cuentaAhorroTabla_p3 (iban,interes,dia) VALUES ('OA95633548864133819790922760765435','1.00','14');
INSERT INTO cuentaAhorroTabla_p3 (iban,interes,dia) VALUES ('VX49974070678271238458117005418174','3.00','15');
INSERT INTO cuentaAhorroTabla_p3 (iban,interes,dia) VALUES ('EO98500155929072427788207743122255','2.00','16');
INSERT INTO cuentaAhorroTabla_p3 (iban,interes,dia) VALUES ('PE02267316774640124817561016121571','2.00','22');
INSERT INTO cuentaAhorroTabla_p3 (iban,interes,dia) VALUES ('MC34720153034518480223567180403259','3.00','24');
INSERT INTO cuentaAhorroTabla_p3 (iban,interes,dia) VALUES ('II19860669879734995631145967201418','3.00','22');
INSERT INTO cuentaAhorroTabla_p3 (iban,interes,dia) VALUES ('WR03493457992206687764115095160218','1.00','29');
INSERT INTO cuentaAhorroTabla_p3 (iban,interes,dia) VALUES ('CZ11209217849850715441903620157354','3.00','30');
INSERT INTO cuentaAhorroTabla_p3 (iban,interes,dia) VALUES ('AR32595816696735123283490230286479','3.00','5');
INSERT INTO cuentaAhorroTabla_p3 (iban,interes,dia) VALUES ('PA57877801854929214196122747132446','2.00','3');
INSERT INTO cuentaAhorroTabla_p3 (iban,interes,dia) VALUES ('AG22068521770637896137627734009238','1.00','2');

-- Oficina
INSERT INTO oficinaTabla_p3 VALUES ('1986','328-2856 Sit Avda.','414118468','{FP33730958577227579078926552917807,JI40453364997466550044235348213144,HL76676038213950241779936041435785,BD19607765245983312200917823690887,HR80011754363760623558518621971359,TC21975092033903028935377885821921,RJ82870931752843605801348664024434,OR88691482977841194690319235692353,OA95633548864133819790922760765435}');
INSERT INTO oficinaTabla_p3 VALUES ('6445','Apartado núm.: 561, 5888 Ut, Avenida','596929870','{BI93137422139573451319199350680286,VX49974070678271238458117005418174,EO98500155929072427788207743122255,PE02267316774640124817561016121571,MC34720153034518480223567180403259,II19860669879734995631145967201418,WR03493457992206687764115095160218,CZ11209217849850715441903620157354,AR32595816696735123283490230286479,PA57877801854929214196122747132446}');
INSERT INTO oficinaTabla_p3 VALUES ('3434','Apartado núm.: 132, 3014 Mauris Calle','843944968','{AG22068521770637896137627734009238}');
INSERT INTO oficinaTabla_p3 VALUES ('8934','1080 Mi Carretera','465780993','{WL20881903893391450526693915360220}');
INSERT INTO oficinaTabla_p3 VALUES ('1199','Apartado núm.: 242, 6187 Quisque Carretera','319512827','{NY32322508338458522212255405176655}');
INSERT INTO oficinaTabla_p3 VALUES ('5870','6532 Enim. C.','866348790','{PF95812037075358869290733997999561,NA82264457381598741989494683817690}');
INSERT INTO oficinaTabla_p3 VALUES ('8848','9311 Proin Carretera','744948262','{BY10087113578567912692979144432606}');
INSERT INTO oficinaTabla_p3 VALUES ('7778','880-8708 Volutpat Carretera','862869364',NULL);
INSERT INTO oficinaTabla_p3 VALUES ('5401','Apartado núm.: 517, 4078 Sollicitudin Av.','615365146',NULL);
INSERT INTO oficinaTabla_p3 VALUES ('4622','Apdo.:587-7511 Pellentesque Avenida','208867799',NULL);
INSERT INTO oficinaTabla_p3 VALUES ('4870','2608 Mauris Avda.','138327395',NULL);
INSERT INTO oficinaTabla_p3 VALUES ('4135','726-9715 Aliquet. Avenida','349535106',NULL);
INSERT INTO oficinaTabla_p3 VALUES ('8312','8300 Pharetra. Av.','167705336',NULL);
INSERT INTO oficinaTabla_p3 VALUES ('6865','8046 Donec ','429372675',NULL);
INSERT INTO oficinaTabla_p3 VALUES ('6588','2510 Auctor Ctra.','266394560',NULL);
INSERT INTO oficinaTabla_p3 VALUES ('9085','9856 Quis C/','172801270',NULL);
INSERT INTO oficinaTabla_p3 VALUES ('6723','366-6381 Vitae, Avda.','482537700',NULL);
INSERT INTO oficinaTabla_p3 VALUES ('7815','Apdo.:788-9134 Integer C.','155877285',NULL);
INSERT INTO oficinaTabla_p3 VALUES ('0053','927-2337 Phasellus Ctra.','374726347',NULL);
INSERT INTO oficinaTabla_p3 VALUES ('3937','Apartado núm.: 449, 8583 Nam C/','398209460',NULL);
INSERT INTO oficinaTabla_p3 VALUES ('7381','Apdo.:645-886 Et Calle','900884290',NULL);
INSERT INTO oficinaTabla_p3 VALUES ('8289','731-3133 Malesuada C/','114425144',NULL);
INSERT INTO oficinaTabla_p3 VALUES ('0778','Apartado núm.: 131, 166 Turpis. C/','428687262',NULL);
INSERT INTO oficinaTabla_p3 VALUES ('9839','Apartado núm.: 224, 7943 Sagittis ','960283979',NULL);
INSERT INTO oficinaTabla_p3 VALUES ('6731','Apdo.:563-6530 Nisl ','447138342',NULL);
INSERT INTO oficinaTabla_p3 VALUES ('1037','Apartado núm.: 900, 8829 Iaculis Avenida','220936534',NULL);
INSERT INTO oficinaTabla_p3 VALUES ('9696','Apartado núm.: 849, 2237 Elementum, Avenida','317447810',NULL);
INSERT INTO oficinaTabla_p3 VALUES ('2838','2002 Pharetra ','875629548',NULL);
INSERT INTO oficinaTabla_p3 VALUES ('2663','242-9757 Ut Avda.','614297443',NULL);
INSERT INTO oficinaTabla_p3 VALUES ('8705','Apdo.:488-2021 Etiam Ctra.','250993504',NULL);
INSERT INTO oficinaTabla_p3 VALUES ('2435','Apdo.:433-5271 Vestibulum C/','679395075',NULL);
INSERT INTO oficinaTabla_p3 VALUES ('7949','472-6422 Leo. Calle','905960355',NULL);
INSERT INTO oficinaTabla_p3 VALUES ('5385','Apdo.:347-7212 Ipsum C/','208129171',NULL);
INSERT INTO oficinaTabla_p3 VALUES ('0029','453-6456 Felis. Ctra.','453449524',NULL);
INSERT INTO oficinaTabla_p3 VALUES ('1315','6074 Convallis C/','161296236',NULL);
INSERT INTO oficinaTabla_p3 VALUES ('3584','765-3599 Fermentum Avda.','392647754',NULL);
INSERT INTO oficinaTabla_p3 VALUES ('1740','Apartado núm.: 764, 7446 Fames C/','111980176',NULL);
INSERT INTO oficinaTabla_p3 VALUES ('9388','Apdo.:576-8498 Ac Avda.','399868169',NULL);
INSERT INTO oficinaTabla_p3 VALUES ('3952','Apdo.:914-1916 Iaculis Avenida','328977634',NULL);
INSERT INTO oficinaTabla_p3 VALUES ('4005','Apdo.:382-2888 Iaculis C.','666961518',NULL);
INSERT INTO oficinaTabla_p3 VALUES ('6739','9281 Metus. Ctra.','648910244',NULL);
INSERT INTO oficinaTabla_p3 VALUES ('1739','Apdo.:992-369 Tincidunt C.','631470413',NULL);
INSERT INTO oficinaTabla_p3 VALUES ('9065','Apartado núm.: 662, 6879 Feugiat ','215282357',NULL);
INSERT INTO oficinaTabla_p3 VALUES ('4355','Apartado núm.: 626, 5029 Rhoncus Calle','326994565',NULL);
INSERT INTO oficinaTabla_p3 VALUES ('6681','Apartado núm.: 757, 9977 Pede. Carretera','566238819',NULL);
INSERT INTO oficinaTabla_p3 VALUES ('6718','3248 Vivamus Ctra.','115956700',NULL);
INSERT INTO oficinaTabla_p3 VALUES ('0815','Apartado núm.: 454, 7013 Mi ','463984313',NULL);
INSERT INTO oficinaTabla_p3 VALUES ('5289','Apdo.:496-5036 Elit, Calle','388772833',NULL);
INSERT INTO oficinaTabla_p3 VALUES ('7975','5910 Metus Av.','914169626',NULL);
INSERT INTO oficinaTabla_p3 VALUES ('1445','Apartado núm.: 503, 432 Imperdiet, Carretera','395387647',NULL);
INSERT INTO oficinaTabla_p3 VALUES ('1605','757-1930 Integer Av.','214503061',NULL);
INSERT INTO oficinaTabla_p3 VALUES ('4893','546-6483 Nunc Ctra.','998172273',NULL);
INSERT INTO oficinaTabla_p3 VALUES ('3722','Apdo.:877-8260 Sociis Calle','698959634',NULL);
INSERT INTO oficinaTabla_p3 VALUES ('4074','Apartado núm.: 832, 1959 Phasellus Calle','577802095',NULL);
INSERT INTO oficinaTabla_p3 VALUES ('6289','Apartado núm.: 234, 8627 Cras Avda.','247517139',NULL);
INSERT INTO oficinaTabla_p3 VALUES ('3137','Apartado núm.: 845, 4405 Neque. Avenida','757452215',NULL);
INSERT INTO oficinaTabla_p3 VALUES ('5695','412-9918 Netus Avda.','273894182',NULL);
INSERT INTO oficinaTabla_p3 VALUES ('2988','Apartado núm.: 590, 3003 Nibh. Avda.','209986218',NULL);
INSERT INTO oficinaTabla_p3 VALUES ('3756','2356 Vulputate, Avenida','773916054',NULL);
INSERT INTO oficinaTabla_p3 VALUES ('6887','Apartado núm.: 324, 7643 Nulla ','734523414',NULL);
INSERT INTO oficinaTabla_p3 VALUES ('7734','9618 Non Avda.','619759891',NULL);
INSERT INTO oficinaTabla_p3 VALUES ('2001','Apartado núm.: 115, 9415 Pharetra. Avda.','848274845',NULL);
INSERT INTO oficinaTabla_p3 VALUES ('6233','Apartado núm.: 215, 1455 Euismod Ctra.','384694338',NULL);
INSERT INTO oficinaTabla_p3 VALUES ('3172','Apartado núm.: 580, 4565 Ipsum Avenida','497773220',NULL);
INSERT INTO oficinaTabla_p3 VALUES ('6124','Apdo.:412-6395 Phasellus Ctra.','537954812',NULL);
INSERT INTO oficinaTabla_p3 VALUES ('5590','Apdo.:362-2291 At, Ctra.','739325659',NULL);
INSERT INTO oficinaTabla_p3 VALUES ('8571','Apdo.:461-1976 Vitae Calle','845480695',NULL);
INSERT INTO oficinaTabla_p3 VALUES ('1043','Apartado núm.: 359, 7955 Suspendisse Avenida','893948440',NULL);
INSERT INTO oficinaTabla_p3 VALUES ('0768','Apdo.:416-5869 Dui Avda.','523196196',NULL);
INSERT INTO oficinaTabla_p3 VALUES ('2142','838-148 Nunc Avenida','390273713',NULL);
INSERT INTO oficinaTabla_p3 VALUES ('1210','263-7460 Arcu. C.','864490136',NULL);
INSERT INTO oficinaTabla_p3 VALUES ('4588','Apartado núm.: 482, 8926 Lorem, Avenida','743415503',NULL);
INSERT INTO oficinaTabla_p3 VALUES ('8815','7277 Neque. C.','505608311',NULL);
INSERT INTO oficinaTabla_p3 VALUES ('7203','902-8970 Dui Calle','692567635',NULL);
INSERT INTO oficinaTabla_p3 VALUES ('5228','817-2600 Tincidunt Calle','847388553',NULL);
INSERT INTO oficinaTabla_p3 VALUES ('8178','Apdo.:216-2750 Faucibus Ctra.','772753720',NULL);
INSERT INTO oficinaTabla_p3 VALUES ('3072','Apartado núm.: 411, 9276 Turpis ','331964911',NULL);
INSERT INTO oficinaTabla_p3 VALUES ('7920','Apdo.:168-5059 Mauris ','960695517',NULL);
INSERT INTO oficinaTabla_p3 VALUES ('7343','6786 Enim Avda.','995597553',NULL);
INSERT INTO oficinaTabla_p3 VALUES ('7226','2823 Rutrum. Av.','828908641',NULL);
INSERT INTO oficinaTabla_p3 VALUES ('9321','Apartado núm.: 751, 2088 Metus. Ctra.','317933852',NULL);
INSERT INTO oficinaTabla_p3 VALUES ('7717','4693 Sed Ctra.','762218517',NULL);
INSERT INTO oficinaTabla_p3 VALUES ('4799','Apartado núm.: 786, 6349 Vestibulum Avenida','471558930',NULL);
INSERT INTO oficinaTabla_p3 VALUES ('9683','Apdo.:871-2900 Blandit Calle','211837294',NULL);
INSERT INTO oficinaTabla_p3 VALUES ('2423','677-7485 Habitant Carretera','583234591',NULL);
INSERT INTO oficinaTabla_p3 VALUES ('4378','4792 Faucibus Avenida','922162250',NULL);
INSERT INTO oficinaTabla_p3 VALUES ('1705','744-9497 A, Calle','217957825',NULL);
INSERT INTO oficinaTabla_p3 VALUES ('4207','Apdo.:830-2663 Massa. Carretera','623936459',NULL);
INSERT INTO oficinaTabla_p3 VALUES ('3132','Apartado núm.: 688, 4195 Dui. Carretera','616333723',NULL);
INSERT INTO oficinaTabla_p3 VALUES ('4396','382-1733 Mus. Ctra.','699843784',NULL);
INSERT INTO oficinaTabla_p3 VALUES ('2049','Apartado núm.: 821, 610 Amet, Avda.','142436380',NULL);
INSERT INTO oficinaTabla_p3 VALUES ('5932','Apartado núm.: 225, 6921 Blandit Avenida','630824281',NULL);
INSERT INTO oficinaTabla_p3 VALUES ('2081','Apartado núm.: 927, 1373 Integer Av.','410507916',NULL);
INSERT INTO oficinaTabla_p3 VALUES ('0886','Apdo.:294-9707 Enim. C.','851207640',NULL);
INSERT INTO oficinaTabla_p3 VALUES ('4593','827-6675 Nec Calle','307212069',NULL);
INSERT INTO oficinaTabla_p3 VALUES ('3502','897-4181 Augue. Calle','531689160',NULL);
INSERT INTO oficinaTabla_p3 VALUES ('4142','271-6894 Hendrerit. Carretera','238445637',NULL);
INSERT INTO oficinaTabla_p3 VALUES ('9514','Apdo.:186-3493 Eu Av.','626909784',NULL);
INSERT INTO oficinaTabla_p3 VALUES ('6656','Apdo.:406-7707 Maecenas ','558876002',NULL);
INSERT INTO oficinaTabla_p3 VALUES ('1508','Apartado núm.: 772, 282 Semper C/','536574688',NULL);

-- operacionTabla_p3
INSERT INTO operacionTabla_p3 VALUES (1,'transferencia',TO_DATE('2014-10-20 08:13:00', 'yyyy-mm-dd HH24:MI:SS'),'FP33730958577227579078926552917807','JI40453364997466550044235348213144','','','100.00');
INSERT INTO operacionTabla_p3 VALUES (2,'transferencia',TO_DATE('2009-03-19 02:59:00', 'yyyy-mm-dd HH24:MI:SS'),'FP33730958577227579078926552917807','JI40453364997466550044235348213144','','','100.00');
INSERT INTO operacionTabla_p3 VALUES (3,'transferencia',TO_DATE('2008-10-04 17:28:00', 'yyyy-mm-dd HH24:MI:SS'),'FP33730958577227579078926552917807','JI40453364997466550044235348213144','','','100.00');
INSERT INTO operacionTabla_p3 VALUES (4,'transferencia',TO_DATE('2008-12-29 02:24:00', 'yyyy-mm-dd HH24:MI:SS'),'FP33730958577227579078926552917807','JI40453364997466550044235348213144','','','100.00');
INSERT INTO operacionTabla_p3 VALUES (5,'transferencia',TO_DATE('2012-08-20 15:50:00', 'yyyy-mm-dd HH24:MI:SS'),'FP33730958577227579078926552917807','JI40453364997466550044235348213144','','','100.00');
INSERT INTO operacionTabla_p3 VALUES (6,'transferencia',TO_DATE('2012-10-13 09:28:00', 'yyyy-mm-dd HH24:MI:SS'),'FP33730958577227579078926552917807','JI40453364997466550044235348213144','','','100.00');
INSERT INTO operacionTabla_p3 VALUES (7,'transferencia',TO_DATE('2008-07-22 03:32:00', 'yyyy-mm-dd HH24:MI:SS'),'FP33730958577227579078926552917807','JI40453364997466550044235348213144','','','100.00');
INSERT INTO operacionTabla_p3 VALUES (8,'transferencia',TO_DATE('2013-08-16 05:15:00', 'yyyy-mm-dd HH24:MI:SS'),'FP33730958577227579078926552917807','JI40453364997466550044235348213144','','','100.00');
INSERT INTO operacionTabla_p3 VALUES (9,'transferencia',TO_DATE('2013-05-31 13:26:00', 'yyyy-mm-dd HH24:MI:SS'),'FP33730958577227579078926552917807','JI40453364997466550044235348213144','','','100.00');
INSERT INTO operacionTabla_p3 VALUES (10,'transferencia',TO_DATE('2014-06-06 20:20:00', 'yyyy-mm-dd HH24:MI:SS'),'FP33730958577227579078926552917807','JI40453364997466550044235348213144','','','100.00');
INSERT INTO operacionTabla_p3 VALUES (11,'transferencia',TO_DATE('2006-05-05 14:01:00', 'yyyy-mm-dd HH24:MI:SS'),'VX49974070678271238458117005418174','WL20881903893391450526693915360220','','','25.00');
INSERT INTO operacionTabla_p3 VALUES (12,'transferencia',TO_DATE('2011-05-29 22:12:00', 'yyyy-mm-dd HH24:MI:SS'),'VX49974070678271238458117005418174','WL20881903893391450526693915360220','','','25.00');
INSERT INTO operacionTabla_p3 VALUES (13,'transferencia',TO_DATE('2011-07-04 11:43:00', 'yyyy-mm-dd HH24:MI:SS'),'VX49974070678271238458117005418174','WL20881903893391450526693915360220','','','25.00');
INSERT INTO operacionTabla_p3 VALUES (14,'transferencia',TO_DATE('2010-05-08 15:14:00', 'yyyy-mm-dd HH24:MI:SS'),'VX49974070678271238458117005418174','WL20881903893391450526693915360220','','','25.00');
INSERT INTO operacionTabla_p3 VALUES (15,'transferencia',TO_DATE('2014-06-23 08:27:00', 'yyyy-mm-dd HH24:MI:SS'),'VX49974070678271238458117005418174','WL20881903893391450526693915360220','','','25.00');
INSERT INTO operacionTabla_p3 VALUES (16,'transferencia',TO_DATE('2014-01-15 11:21:00', 'yyyy-mm-dd HH24:MI:SS'),'VX49974070678271238458117005418174','WL20881903893391450526693915360220','','','25.00');
INSERT INTO operacionTabla_p3 VALUES (17,'transferencia',TO_DATE('2007-12-13 16:22:00', 'yyyy-mm-dd HH24:MI:SS'),'VX49974070678271238458117005418174','WL20881903893391450526693915360220','','','25.00');
INSERT INTO operacionTabla_p3 VALUES (18,'transferencia',TO_DATE('2009-03-03 14:48:00', 'yyyy-mm-dd HH24:MI:SS'),'VX49974070678271238458117005418174','WL20881903893391450526693915360220','','','25.00');
INSERT INTO operacionTabla_p3 VALUES (19,'transferencia',TO_DATE('2006-05-31 13:07:00', 'yyyy-mm-dd HH24:MI:SS'),'VX49974070678271238458117005418174','WL20881903893391450526693915360220','','','25.00');
INSERT INTO operacionTabla_p3 VALUES (20,'transferencia',TO_DATE('2011-01-05 23:14:00', 'yyyy-mm-dd HH24:MI:SS'),'VX49974070678271238458117005418174','WL20881903893391450526693915360220','','','25.00');
INSERT INTO operacionTabla_p3 VALUES (21,'transferencia',TO_DATE('2012-02-19 07:28:00', 'yyyy-mm-dd HH24:MI:SS'),'VX49974070678271238458117005418174','WL20881903893391450526693915360220','','','25.00');
INSERT INTO operacionTabla_p3 VALUES (22,'transferencia',TO_DATE('2009-06-21 20:52:00', 'yyyy-mm-dd HH24:MI:SS'),'VX49974070678271238458117005418174','WL20881903893391450526693915360220','','','25.00');
INSERT INTO operacionTabla_p3 VALUES (23,'transferencia',TO_DATE('2012-05-08 23:33:00', 'yyyy-mm-dd HH24:MI:SS'),'VX49974070678271238458117005418174','WL20881903893391450526693915360220','','','25.00');
INSERT INTO operacionTabla_p3 VALUES (24,'transferencia',TO_DATE('2011-12-18 16:10:00', 'yyyy-mm-dd HH24:MI:SS'),'VX49974070678271238458117005418174','WL20881903893391450526693915360220','','','25.00');
INSERT INTO operacionTabla_p3 VALUES (25,'transferencia',TO_DATE('2014-08-19 03:59:00', 'yyyy-mm-dd HH24:MI:SS'),'VX49974070678271238458117005418174','VX49974070678271238458117005418174','','','25.00');
INSERT INTO operacionTabla_p3 VALUES (26,'transferencia',TO_DATE('2008-06-17 19:43:00', 'yyyy-mm-dd HH24:MI:SS'),'VX49974070678271238458117005418174','VX49974070678271238458117005418174','','','25.00');
INSERT INTO operacionTabla_p3 VALUES (27,'ingreso',TO_DATE('2009-05-09 08:34:00', 'yyyy-mm-dd HH24:MI:SS'),'BY10087113578567912692979144432606','BY10087113578567912692979144432606','cajero 25','','50.00');
INSERT INTO operacionTabla_p3 VALUES (28,'ingreso',TO_DATE('2011-10-15 11:49:00', 'yyyy-mm-dd HH24:MI:SS'),'BY10087113578567912692979144432606','BY10087113578567912692979144432606','cajero 25','','50.00');
INSERT INTO operacionTabla_p3 VALUES (29,'ingreso',TO_DATE('2013-10-07 10:11:00', 'yyyy-mm-dd HH24:MI:SS'),'BY10087113578567912692979144432606','BY10087113578567912692979144432606','cajero 25','','50.00');
INSERT INTO operacionTabla_p3 VALUES (30,'ingreso',TO_DATE('2008-09-26 12:10:00', 'yyyy-mm-dd HH24:MI:SS'),'BY10087113578567912692979144432606','BY10087113578567912692979144432606','cajero 25','','50.00');
INSERT INTO operacionTabla_p3 VALUES (31,'ingreso',TO_DATE('2016-01-04 19:48:00', 'yyyy-mm-dd HH24:MI:SS'),'BY10087113578567912692979144432606','BY10087113578567912692979144432606','cajero 25','','50.00');
INSERT INTO operacionTabla_p3 VALUES (32,'ingreso',TO_DATE('2007-12-01 13:38:00', 'yyyy-mm-dd HH24:MI:SS'),'BY10087113578567912692979144432606','BY10087113578567912692979144432606','cajero 25','','50.00');
INSERT INTO operacionTabla_p3 VALUES (33,'ingreso',TO_DATE('2014-10-25 15:07:00', 'yyyy-mm-dd HH24:MI:SS'),'BY10087113578567912692979144432606','BY10087113578567912692979144432606','cajero 25','','50.00');
INSERT INTO operacionTabla_p3 VALUES (34,'ingreso',TO_DATE('2008-03-25 08:14:00', 'yyyy-mm-dd HH24:MI:SS'),'BY10087113578567912692979144432606','BY10087113578567912692979144432606','cajero 25','','50.00');
INSERT INTO operacionTabla_p3 VALUES (35,'ingreso',TO_DATE('2012-08-12 08:27:00', 'yyyy-mm-dd HH24:MI:SS'),'BY10087113578567912692979144432606','BY10087113578567912692979144432606','cajero 25','','50.00');
INSERT INTO operacionTabla_p3 VALUES (36,'ingreso',TO_DATE('2015-05-24 17:20:00', 'yyyy-mm-dd HH24:MI:SS'),'BY10087113578567912692979144432606','BY10087113578567912692979144432606','cajero 25','','50.00');
INSERT INTO operacionTabla_p3 VALUES (37,'ingreso',TO_DATE('2005-06-06 00:40:00', 'yyyy-mm-dd HH24:MI:SS'),'BY10087113578567912692979144432606','BY10087113578567912692979144432606','cajero 25','','50.00');
INSERT INTO operacionTabla_p3 VALUES (38,'ingreso',TO_DATE('2014-03-08 01:31:00', 'yyyy-mm-dd HH24:MI:SS'),'BY10087113578567912692979144432606','BY10087113578567912692979144432606','cajero 25','','50.00');
INSERT INTO operacionTabla_p3 VALUES (39,'ingreso',TO_DATE('2011-07-06 19:05:00', 'yyyy-mm-dd HH24:MI:SS'),'BY10087113578567912692979144432606','BY10087113578567912692979144432606','cajero 25','','50.00');
INSERT INTO operacionTabla_p3 VALUES (40,'ingreso',TO_DATE('2013-05-18 21:45:00', 'yyyy-mm-dd HH24:MI:SS'),'BY10087113578567912692979144432606','BY10087113578567912692979144432606','cajero 25','','50.00');
INSERT INTO operacionTabla_p3 VALUES (41,'retirada',TO_DATE('2012-12-14 14:05:00', 'yyyy-mm-dd HH24:MI:SS'),'AR32595816696735123283490230286479','AR32595816696735123283490230286479','cajero 51','','25.00');
INSERT INTO operacionTabla_p3 VALUES (42,'retirada',TO_DATE('2014-04-18 12:33:00', 'yyyy-mm-dd HH24:MI:SS'),'AR32595816696735123283490230286479','AR32595816696735123283490230286479','cajero 51','','25.00');
INSERT INTO operacionTabla_p3 VALUES (43,'retirada',TO_DATE('2014-11-04 18:03:00', 'yyyy-mm-dd HH24:MI:SS'),'AR32595816696735123283490230286479','AR32595816696735123283490230286479','cajero 51','','25.00');
INSERT INTO operacionTabla_p3 VALUES (44,'retirada',TO_DATE('2014-08-21 22:40:00', 'yyyy-mm-dd HH24:MI:SS'),'AR32595816696735123283490230286479','AR32595816696735123283490230286479','cajero 51','','25.00');
INSERT INTO operacionTabla_p3 VALUES (45,'retirada',TO_DATE('2011-11-29 02:40:00', 'yyyy-mm-dd HH24:MI:SS'),'AR32595816696735123283490230286479','AR32595816696735123283490230286479','cajero 51','','25.00');
INSERT INTO operacionTabla_p3 VALUES (46,'retirada',TO_DATE('2007-09-21 00:43:00', 'yyyy-mm-dd HH24:MI:SS'),'AR32595816696735123283490230286479','AR32595816696735123283490230286479','cajero 51','','25.00');
INSERT INTO operacionTabla_p3 VALUES (47,'retirada',TO_DATE('2009-12-03 04:00:00', 'yyyy-mm-dd HH24:MI:SS'),'AR32595816696735123283490230286479','AR32595816696735123283490230286479','cajero 51','','25.00');
INSERT INTO operacionTabla_p3 VALUES (48,'retirada',TO_DATE('2009-04-01 04:47:00', 'yyyy-mm-dd HH24:MI:SS'),'AR32595816696735123283490230286479','AR32595816696735123283490230286479','cajero 51','','25.00');
INSERT INTO operacionTabla_p3 VALUES (49,'retirada',TO_DATE('2006-11-30 19:54:00', 'yyyy-mm-dd HH24:MI:SS'),'AR32595816696735123283490230286479','AR32595816696735123283490230286479','cajero 51','','25.00');
INSERT INTO operacionTabla_p3 VALUES (50,'retirada',TO_DATE('2012-05-13 21:12:00', 'yyyy-mm-dd HH24:MI:SS'),'AR32595816696735123283490230286479','AR32595816696735123283490230286479','cajero 51','','25.00');
INSERT INTO operacionTabla_p3 VALUES (51,'retirada',TO_DATE('2015-09-18 23:49:00', 'yyyy-mm-dd HH24:MI:SS'),'AR32595816696735123283490230286479','AR32595816696735123283490230286479','cajero 51','','25.00');
INSERT INTO operacionTabla_p3 VALUES (52,'retirada',TO_DATE('2010-03-27 22:16:00', 'yyyy-mm-dd HH24:MI:SS'),'AR32595816696735123283490230286479','AR32595816696735123283490230286479','cajero 51','','25.00');
INSERT INTO operacionTabla_p3 VALUES (53,'retirada',TO_DATE('2007-07-16 09:25:00', 'yyyy-mm-dd HH24:MI:SS'),'AR32595816696735123283490230286479','AR32595816696735123283490230286479','cajero 51','','25.00');
INSERT INTO operacionTabla_p3 VALUES (54,'retirada',TO_DATE('2015-03-04 04:12:00', 'yyyy-mm-dd HH24:MI:SS'),'AR32595816696735123283490230286479','AR32595816696735123283490230286479','cajero 51','','25.00');
INSERT INTO operacionTabla_p3 VALUES (55,'retirada',TO_DATE('2007-04-30 20:31:00', 'yyyy-mm-dd HH24:MI:SS'),'AR32595816696735123283490230286479','AR32595816696735123283490230286479','cajero 51','','25.00');